{
  "iri": "b32f4b80-78cc-4bc8-82a7-bbfeb2495360",
  "types": [
    "http://dataspecer.com/resources/local/package"
  ],
  "userMetadata": {
    "label": {
      "en": "Data Specification Vocabulary - Default Application Profile (DSV-DAP)"
    },
    "description": {
      "cs": ""
    }
  },
  "metadata": {
    "creationDate": "2025-04-09T14:05:46.246Z",
    "modificationDate": "2025-05-12T08:04:06.663Z"
  },
  "_version": 1,
  "_exportVersion": 1,
  "_exportedAt": "2025-05-12T08:04:29.814Z",
  "_exportedBy": "http://localhost:3100"
}