{
  "configuration": {
    "https://schemas.dataspecer.com/documentation-generator-config/": {
      "partials": {
        "html-head": "<meta charset=\"utf-8\" />\n<title>{{translate label}}</title>\n<meta name=\"color-scheme\" content=\"light dark\">\n<script type=\"application/ld+json\">\n  {{{json dsv}}}\n</script>\n<script\n  src=\"https://www.w3.org/Tools/respec/respec-w3c\"\n  class=\"remove\"\n  defer\n></script>\n<script class=\"remove\">\n  // All config options at https://respec.org/docs/\n  var respecConfig = {\n    specStatus: \"base\",\n    shortName: \"dsv-dap\",               \n    showPreviousVersion: false,\n    thisVersion: \"https://mff-uk.github.io/data-specification-vocabulary/dsv-dap/\",\n    latestVersion: \"https://mff-uk.github.io/data-specification-vocabulary/dsv-dap/\",\n    editors: [{\n      name: \"Jakub Klímek\",\n      orcid: \"0000-0001-7234-3051\",\n      company:    \"Charles University\",\n      companyURL: \"https://www.mff.cuni.cz\"\n    }],\n    inlineCSS: \"true\",\n    github: \"https://github.com/mff-uk/data-specification-vocabulary/\",\n    otherLinks: [{\n        key: \"Links\",\n        data: [{\n            value: \"Dataspecer\",\n            href: \"https://dataspecer.com\"\n        },{\n            value: \"Data Specification Vocabulary (DSV)\",\n            href: \"https://mff-uk.github.io/data-specification-vocabulary/dsv/\"\n        }]\n    }]\n  };\n</script>\n\n<style>\n  .figure img, .sidefigure img, figure img, .figure object, .sidefigure object, figure object, img, .img {\n    max-width: 100%;\n    margin: auto;\n    height: auto;\n  }\n\n  table.simple {\n    margin: auto;\n    border-spacing: 0;\n    border-collapse: collapse;\n  }\n\n  table.simple th {\n    padding: 3px 10px;\n    text-align: left;\n  }\n\n  table.simple td {\n    border-top: 1px solid #ddd;\n    padding: 3px 10px;\n  }\n</style>"
      }
    },
    "http://dataspecer.com/resources/local/layout-configuration": {
      "main": {
        "none": {
          "layout_alg": "none",
          "run_layered_after": false,
          "run_node_overlap_removal_after": false,
          "interactive": false
        },
        "elk_stress": {
          "layout_alg": "elk_stress",
          "stress_edge_len": 800,
          "number_of_new_algorithm_runs": 10,
          "advanced_settings": {},
          "run_layered_after": false,
          "run_node_overlap_removal_after": true,
          "interactive": false
        },
        "elk_layered": {
          "layout_alg": "elk_layered",
          "alg_direction": "UP",
          "layer_gap": 200,
          "in_layer_gap": 100,
          "edge_routing": "ORTHOGONAL",
          "advanced_settings": {},
          "run_layered_after": false,
          "run_node_overlap_removal_after": false,
          "interactive": false
        },
        "elk_force": {
          "layout_alg": "elk_force",
          "min_distance_between_nodes": 400,
          "force_alg_type": "FRUCHTERMAN_REINGOLD",
          "number_of_new_algorithm_runs": 10,
          "advanced_settings": {},
          "run_layered_after": false,
          "run_node_overlap_removal_after": true,
          "interactive": false
        },
        "random": {
          "layout_alg": "random",
          "advanced_settings": {},
          "run_layered_after": false,
          "run_node_overlap_removal_after": true,
          "interactive": false
        },
        "elk_radial": {
          "layout_alg": "elk_radial",
          "min_distance_between_nodes": 500,
          "advanced_settings": {},
          "run_layered_after": false,
          "run_node_overlap_removal_after": false,
          "interactive": false
        },
        "elk_overlapRemoval": {
          "layout_alg": "elk_overlapRemoval",
          "min_distance_between_nodes": 0,
          "advanced_settings": {},
          "run_layered_after": false,
          "run_node_overlap_removal_after": false,
          "interactive": true
        },
        "elk_stress_advanced_using_clusters": {
          "layout_alg": "elk_stress_advanced_using_clusters",
          "stress_edge_len": 800,
          "number_of_new_algorithm_runs": 10,
          "advanced_settings": {},
          "run_layered_after": false,
          "run_node_overlap_removal_after": true,
          "interactive": false
        },
        "elk_stress_profile": {
          "layout_alg": "elk_stress_profile",
          "profileEdgeLength": 400,
          "preferredProfileDirection": "UP",
          "stress_edge_len": 800,
          "number_of_new_algorithm_runs": 10,
          "advanced_settings": {},
          "run_layered_after": false,
          "run_node_overlap_removal_after": true,
          "interactive": true
        },
        "automatic": {
          "layout_alg": "automatic",
          "min_distance_between_nodes": 500,
          "number_of_new_algorithm_runs": 1,
          "advanced_settings": {},
          "run_layered_after": false,
          "run_node_overlap_removal_after": false,
          "interactive": false
        }
      },
      "general": {
        "none": {
          "layout_alg": "none",
          "run_layered_after": false,
          "run_node_overlap_removal_after": false,
          "interactive": false
        },
        "elk_stress": {
          "layout_alg": "elk_stress",
          "stress_edge_len": 800,
          "number_of_new_algorithm_runs": 10,
          "advanced_settings": {},
          "run_layered_after": false,
          "run_node_overlap_removal_after": true,
          "interactive": false
        },
        "elk_layered": {
          "layout_alg": "elk_layered",
          "alg_direction": "UP",
          "layer_gap": 200,
          "in_layer_gap": 100,
          "edge_routing": "ORTHOGONAL",
          "advanced_settings": {},
          "run_layered_after": false,
          "run_node_overlap_removal_after": false,
          "interactive": false
        },
        "elk_force": {
          "layout_alg": "elk_force",
          "min_distance_between_nodes": 400,
          "force_alg_type": "FRUCHTERMAN_REINGOLD",
          "number_of_new_algorithm_runs": 10,
          "advanced_settings": {},
          "run_layered_after": false,
          "run_node_overlap_removal_after": true,
          "interactive": false
        },
        "random": {
          "layout_alg": "random",
          "advanced_settings": {},
          "run_layered_after": false,
          "run_node_overlap_removal_after": true,
          "interactive": false
        },
        "elk_radial": {
          "layout_alg": "elk_radial",
          "min_distance_between_nodes": 500,
          "advanced_settings": {},
          "run_layered_after": false,
          "run_node_overlap_removal_after": false,
          "interactive": false
        },
        "elk_overlapRemoval": {
          "layout_alg": "elk_overlapRemoval",
          "min_distance_between_nodes": 0,
          "advanced_settings": {},
          "run_layered_after": false,
          "run_node_overlap_removal_after": false,
          "interactive": true
        },
        "elk_stress_advanced_using_clusters": {
          "layout_alg": "elk_stress_advanced_using_clusters",
          "stress_edge_len": 800,
          "number_of_new_algorithm_runs": 10,
          "advanced_settings": {},
          "run_layered_after": false,
          "run_node_overlap_removal_after": true,
          "interactive": false
        },
        "elk_stress_profile": {
          "layout_alg": "elk_stress_profile",
          "profileEdgeLength": 400,
          "preferredProfileDirection": "UP",
          "stress_edge_len": 800,
          "number_of_new_algorithm_runs": 10,
          "advanced_settings": {},
          "run_layered_after": false,
          "run_node_overlap_removal_after": true,
          "interactive": true
        },
        "automatic": {
          "layout_alg": "automatic",
          "min_distance_between_nodes": 500,
          "number_of_new_algorithm_runs": 1,
          "advanced_settings": {},
          "run_layered_after": false,
          "run_node_overlap_removal_after": false,
          "interactive": false
        }
      },
      "chosenMainAlgorithm": "elk_layered",
      "chosenGeneralAlgorithm": "none",
      "additionalSteps": {}
    }
  },
  "modelCompositionConfiguration": {
    "modelType": "application-profile",
    "model": "7d081002-a1e3-42a0-aaf8-712d8d19a677",
    "canAddEntities": false,
    "canModify": false,
    "profiles": {
      "modelType": "merge",
      "models": null
    }
  },
  "userPreferences": {
    "client": {
      "technicalLabelCasingConvention": "camelCase"
    }
  }
}