{
  "operations": [
    {
      "types": [
        "core-operation",
        "https://ofn.gov.cz/slovník/psm/CreateClass"
      ],
      "iri": "https://ofn.gov.cz/operation/1746620009771-a881-9afb-82e1",
      "parent": null,
      "dataPsmNewIri": null,
      "dataPsmInterpretation": "mpizj2apo6mma3wwh7i",
      "dataPsmTechnicalLabel": "vocabulary_specification_document",
      "dataPsmHumanLabel": null,
      "dataPsmHumanDescription": null,
      "dataPsmExtends": [],
      "dataPsmIsClosed": null
    },
    {
      "types": [
        "core-operation",
        "https://ofn.gov.cz/slovník/psm/SetRoots"
      ],
      "iri": "https://ofn.gov.cz/operation/1746620009811-eb41-9000-9cbc",
      "parent": "https://ofn.gov.cz/operation/1746620009771-a881-9afb-82e1",
      "dataPsmRoots": [
        "https://ofn.gov.cz/class/1746620009771-c653-16ad-a61f"
      ]
    },
    {
      "types": [
        "core-operation",
        "https://ofn.gov.cz/slovník/psm/SetHumanLabel"
      ],
      "iri": "https://ofn.gov.cz/operation/1746620009847-f419-90c3-a602",
      "parent": "https://ofn.gov.cz/operation/1746620009811-eb41-9000-9cbc",
      "dataPsmResource": "5b7e1d5b-eb25-4bbf-bf58-a24887893ae5",
      "dataPsmHumanLabel": {
        "en": "Vocabulary Specification Document",
        "cs": "Vocabulary Specification Document"
      }
    },
    {
      "types": [
        "core-operation",
        "https://ofn.gov.cz/slovník/psm/SetHumanDescription"
      ],
      "iri": "https://ofn.gov.cz/operation/1746620009882-1222-7675-aecc",
      "parent": "https://ofn.gov.cz/operation/1746620009847-f419-90c3-a602",
      "dataPsmResource": "5b7e1d5b-eb25-4bbf-bf58-a24887893ae5",
      "dataPsmHumanDescription": {
        "en": "Data structure for Vocabulary Specification Document. A Vocabulary Specification Document is a human-readable representation of a Vocabulary.",
        "cs": "Datová struktura pro Vocabulary Specification Document. A Vocabulary Specification Document is a human-readable representation of a Vocabulary."
      }
    },
    {
      "types": [
        "core-operation",
        "https://ofn.gov.cz/slovník/psm/CreateAttribute"
      ],
      "iri": "https://ofn.gov.cz/operation/1746620027153-8c65-ee34-bf8e",
      "parent": "https://ofn.gov.cz/operation/1746620009882-1222-7675-aecc",
      "dataPsmNewIri": null,
      "dataPsmInterpretation": "n4vv10fhfuma3xfduz",
      "dataPsmTechnicalLabel": "title",
      "dataPsmHumanLabel": null,
      "dataPsmHumanDescription": null,
      "dataPsmOwner": "https://ofn.gov.cz/class/1746620009771-c653-16ad-a61f",
      "dataPsmDatatype": "https://ofn.gov.cz/zdroj/základní-datové-typy/2020-07-01/text"
    },
    {
      "types": [
        "core-operation",
        "https://ofn.gov.cz/slovník/psm/CreateAttribute"
      ],
      "iri": "https://ofn.gov.cz/operation/1746620027192-edad-7de1-9103",
      "parent": "https://ofn.gov.cz/operation/1746620027153-8c65-ee34-bf8e",
      "dataPsmNewIri": null,
      "dataPsmInterpretation": "lt5scrd2hypma3xfx42",
      "dataPsmTechnicalLabel": "description",
      "dataPsmHumanLabel": null,
      "dataPsmHumanDescription": null,
      "dataPsmOwner": "https://ofn.gov.cz/class/1746620009771-c653-16ad-a61f",
      "dataPsmDatatype": "https://ofn.gov.cz/zdroj/základní-datové-typy/2020-07-01/text"
    },
    {
      "types": [
        "core-operation",
        "https://ofn.gov.cz/slovník/psm/CreateClass"
      ],
      "iri": "https://ofn.gov.cz/operation/1746620044771-a45e-59df-9e7e",
      "parent": "https://ofn.gov.cz/operation/1746620027192-edad-7de1-9103",
      "dataPsmNewIri": null,
      "dataPsmInterpretation": "m8dk4ktrtuma3wupub",
      "dataPsmTechnicalLabel": "konceptuální_model",
      "dataPsmHumanLabel": null,
      "dataPsmHumanDescription": null,
      "dataPsmExtends": [],
      "dataPsmIsClosed": null
    },
    {
      "types": [
        "core-operation",
        "https://ofn.gov.cz/slovník/psm/CreateAssociationEnd"
      ],
      "iri": "https://ofn.gov.cz/operation/1746620044807-c5db-0419-8bb2",
      "parent": "https://ofn.gov.cz/operation/1746620044771-a45e-59df-9e7e",
      "dataPsmNewIri": null,
      "dataPsmInterpretation": "vyhgjd7f6tmab51hyp",
      "dataPsmTechnicalLabel": "conforms_to",
      "dataPsmHumanLabel": null,
      "dataPsmHumanDescription": null,
      "dataPsmOwner": "https://ofn.gov.cz/class/1746620009771-c653-16ad-a61f",
      "dataPsmPart": "https://ofn.gov.cz/class/1746620044771-eccd-b804-a121",
      "dataPsmIsReverse": false,
      "dataPsmIsDematerialize": null
    },
    {
      "types": [
        "core-operation",
        "https://ofn.gov.cz/slovník/psm/CreateClass"
      ],
      "iri": "https://ofn.gov.cz/operation/1746620044848-c4dc-673e-8c42",
      "parent": "https://ofn.gov.cz/operation/1746620044807-c5db-0419-8bb2",
      "dataPsmNewIri": null,
      "dataPsmInterpretation": "i1nkp37y1znmab4ylf5",
      "dataPsmTechnicalLabel": "format",
      "dataPsmHumanLabel": null,
      "dataPsmHumanDescription": null,
      "dataPsmExtends": [],
      "dataPsmIsClosed": null
    },
    {
      "types": [
        "core-operation",
        "https://ofn.gov.cz/slovník/psm/CreateAssociationEnd"
      ],
      "iri": "https://ofn.gov.cz/operation/1746620044884-1668-cb4e-9514",
      "parent": "https://ofn.gov.cz/operation/1746620044848-c4dc-673e-8c42",
      "dataPsmNewIri": null,
      "dataPsmInterpretation": "jlk67fcofumab4zjjt",
      "dataPsmTechnicalLabel": "format",
      "dataPsmHumanLabel": null,
      "dataPsmHumanDescription": null,
      "dataPsmOwner": "https://ofn.gov.cz/class/1746620009771-c653-16ad-a61f",
      "dataPsmPart": "https://ofn.gov.cz/class/1746620044848-ac18-d524-bf89",
      "dataPsmIsReverse": false,
      "dataPsmIsDematerialize": null
    },
    {
      "types": [
        "core-operation",
        "https://ofn.gov.cz/slovník/psm/CreateClass"
      ],
      "iri": "https://ofn.gov.cz/operation/1746620044932-2965-7223-a846",
      "parent": "https://ofn.gov.cz/operation/1746620044884-1668-cb4e-9514",
      "dataPsmNewIri": null,
      "dataPsmInterpretation": "oseifhejz3mab4p399",
      "dataPsmTechnicalLabel": "resource_role",
      "dataPsmHumanLabel": null,
      "dataPsmHumanDescription": null,
      "dataPsmExtends": [],
      "dataPsmIsClosed": null
    },
    {
      "types": [
        "core-operation",
        "https://ofn.gov.cz/slovník/psm/CreateAssociationEnd"
      ],
      "iri": "https://ofn.gov.cz/operation/1746620044966-4bd5-1106-a777",
      "parent": "https://ofn.gov.cz/operation/1746620044932-2965-7223-a846",
      "dataPsmNewIri": null,
      "dataPsmInterpretation": "7o9kzojra18mab4qivg",
      "dataPsmTechnicalLabel": "has_role",
      "dataPsmHumanLabel": null,
      "dataPsmHumanDescription": null,
      "dataPsmOwner": "https://ofn.gov.cz/class/1746620009771-c653-16ad-a61f",
      "dataPsmPart": "https://ofn.gov.cz/class/1746620044932-329d-9e4b-9c9d",
      "dataPsmIsReverse": false,
      "dataPsmIsDematerialize": null
    },
    {
      "types": [
        "core-operation",
        "https://ofn.gov.cz/slovník/psm/CreateClass"
      ],
      "iri": "https://ofn.gov.cz/operation/1746620045007-61bf-9f97-add9",
      "parent": "https://ofn.gov.cz/operation/1746620044966-4bd5-1106-a777",
      "dataPsmNewIri": null,
      "dataPsmInterpretation": "tvz8iufev8om9b8cjnu",
      "dataPsmTechnicalLabel": "resource",
      "dataPsmHumanLabel": null,
      "dataPsmHumanDescription": null,
      "dataPsmExtends": [],
      "dataPsmIsClosed": null
    },
    {
      "types": [
        "core-operation",
        "https://ofn.gov.cz/slovník/psm/CreateAssociationEnd"
      ],
      "iri": "https://ofn.gov.cz/operation/1746620045047-58c2-3a70-95c4",
      "parent": "https://ofn.gov.cz/operation/1746620045007-61bf-9f97-add9",
      "dataPsmNewIri": null,
      "dataPsmInterpretation": "e8k915f8yzmaauhvuh",
      "dataPsmTechnicalLabel": "has_artifact",
      "dataPsmHumanLabel": null,
      "dataPsmHumanDescription": null,
      "dataPsmOwner": "https://ofn.gov.cz/class/1746620009771-c653-16ad-a61f",
      "dataPsmPart": "https://ofn.gov.cz/class/1746620045007-c259-6495-83d0",
      "dataPsmIsReverse": false,
      "dataPsmIsDematerialize": null
    },
    {
      "types": [
        "core-operation",
        "https://ofn.gov.cz/slovník/psm/CreateClass"
      ],
      "iri": "https://ofn.gov.cz/operation/1746620057954-eacf-89dc-b191",
      "parent": "https://ofn.gov.cz/operation/1746620045047-58c2-3a70-95c4",
      "dataPsmNewIri": null,
      "dataPsmInterpretation": "m82a0phe3xima3ufaca",
      "dataPsmTechnicalLabel": "vocabulary",
      "dataPsmHumanLabel": null,
      "dataPsmHumanDescription": null,
      "dataPsmExtends": [],
      "dataPsmIsClosed": null
    },
    {
      "types": [
        "core-operation",
        "https://ofn.gov.cz/slovník/psm/CreateAssociationEnd"
      ],
      "iri": "https://ofn.gov.cz/operation/1746620057990-47fb-5e4a-bae5",
      "parent": "https://ofn.gov.cz/operation/1746620057954-eacf-89dc-b191",
      "dataPsmNewIri": null,
      "dataPsmInterpretation": "y39lpsmlioma3wyql3",
      "dataPsmTechnicalLabel": "has_specification",
      "dataPsmHumanLabel": null,
      "dataPsmHumanDescription": null,
      "dataPsmOwner": "https://ofn.gov.cz/class/1746620009771-c653-16ad-a61f",
      "dataPsmPart": "https://ofn.gov.cz/class/1746620057954-6c3b-bdd0-9550",
      "dataPsmIsReverse": true,
      "dataPsmIsDematerialize": null
    },
    {
      "types": [
        "core-operation",
        "https://ofn.gov.cz/slovník/psm/CreateAttribute"
      ],
      "iri": "https://ofn.gov.cz/operation/1746620078281-1664-40c1-bb8c",
      "parent": "https://ofn.gov.cz/operation/1746620057990-47fb-5e4a-bae5",
      "dataPsmNewIri": null,
      "dataPsmInterpretation": "d6vywsg33kgma3xm3el",
      "dataPsmTechnicalLabel": "title",
      "dataPsmHumanLabel": null,
      "dataPsmHumanDescription": null,
      "dataPsmOwner": "https://ofn.gov.cz/class/1746620057954-6c3b-bdd0-9550",
      "dataPsmDatatype": "https://ofn.gov.cz/zdroj/základní-datové-typy/2020-07-01/text"
    },
    {
      "types": [
        "core-operation",
        "https://ofn.gov.cz/slovník/psm/CreateAttribute"
      ],
      "iri": "https://ofn.gov.cz/operation/1746620078324-20f8-54e5-b076",
      "parent": "https://ofn.gov.cz/operation/1746620078281-1664-40c1-bb8c",
      "dataPsmNewIri": null,
      "dataPsmInterpretation": "sxwff891l9ma3xmesl",
      "dataPsmTechnicalLabel": "description",
      "dataPsmHumanLabel": null,
      "dataPsmHumanDescription": null,
      "dataPsmOwner": "https://ofn.gov.cz/class/1746620057954-6c3b-bdd0-9550",
      "dataPsmDatatype": "https://ofn.gov.cz/zdroj/základní-datové-typy/2020-07-01/text"
    },
    {
      "types": [
        "core-operation",
        "https://ofn.gov.cz/slovník/psm/CreateAttribute"
      ],
      "iri": "https://ofn.gov.cz/operation/1746620078370-4cca-f40d-bf4e",
      "parent": "https://ofn.gov.cz/operation/1746620078324-20f8-54e5-b076",
      "dataPsmNewIri": null,
      "dataPsmInterpretation": "g055oqcugqlmaaxv7p3",
      "dataPsmTechnicalLabel": "has_token",
      "dataPsmHumanLabel": null,
      "dataPsmHumanDescription": null,
      "dataPsmOwner": "https://ofn.gov.cz/class/1746620057954-6c3b-bdd0-9550",
      "dataPsmDatatype": "http://www.w3.org/2001/XMLSchema#token"
    },
    {
      "types": [
        "core-operation",
        "https://ofn.gov.cz/slovník/psm/CreateClass"
      ],
      "iri": "https://ofn.gov.cz/operation/1746620095591-c35f-5772-baa7",
      "parent": "https://ofn.gov.cz/operation/1746620078370-4cca-f40d-bf4e",
      "dataPsmNewIri": null,
      "dataPsmInterpretation": "mpizj2apo6mma3wwh7i",
      "dataPsmTechnicalLabel": "vocabulary_specification_document",
      "dataPsmHumanLabel": null,
      "dataPsmHumanDescription": null,
      "dataPsmExtends": [],
      "dataPsmIsClosed": null
    },
    {
      "types": [
        "core-operation",
        "https://ofn.gov.cz/slovník/psm/CreateAssociationEnd"
      ],
      "iri": "https://ofn.gov.cz/operation/1746620095629-26f1-fdc0-aafd",
      "parent": "https://ofn.gov.cz/operation/1746620095591-c35f-5772-baa7",
      "dataPsmNewIri": null,
      "dataPsmInterpretation": "y39lpsmlioma3wyql3",
      "dataPsmTechnicalLabel": "has_specification",
      "dataPsmHumanLabel": null,
      "dataPsmHumanDescription": null,
      "dataPsmOwner": "https://ofn.gov.cz/class/1746620057954-6c3b-bdd0-9550",
      "dataPsmPart": "https://ofn.gov.cz/class/1746620095591-ad00-3e89-b5e7",
      "dataPsmIsReverse": false,
      "dataPsmIsDematerialize": null
    },
    {
      "types": [
        "core-operation",
        "https://ofn.gov.cz/slovník/psm/CreateClass"
      ],
      "iri": "https://ofn.gov.cz/operation/1746620095672-59ce-0712-a8c1",
      "parent": "https://ofn.gov.cz/operation/1746620095629-26f1-fdc0-aafd",
      "dataPsmNewIri": null,
      "dataPsmInterpretation": "rlr78ikehlm9a12990",
      "dataPsmTechnicalLabel": "resource_descriptor",
      "dataPsmHumanLabel": null,
      "dataPsmHumanDescription": null,
      "dataPsmExtends": [],
      "dataPsmIsClosed": null
    },
    {
      "types": [
        "core-operation",
        "https://ofn.gov.cz/slovník/psm/CreateAssociationEnd"
      ],
      "iri": "https://ofn.gov.cz/operation/1746620095712-533a-cfb9-af02",
      "parent": "https://ofn.gov.cz/operation/1746620095672-59ce-0712-a8c1",
      "dataPsmNewIri": null,
      "dataPsmInterpretation": "7j0cfd9mvjma3xji4v",
      "dataPsmTechnicalLabel": "has_resource",
      "dataPsmHumanLabel": null,
      "dataPsmHumanDescription": null,
      "dataPsmOwner": "https://ofn.gov.cz/class/1746620057954-6c3b-bdd0-9550",
      "dataPsmPart": "https://ofn.gov.cz/class/1746620095672-04da-b285-8d63",
      "dataPsmIsReverse": false,
      "dataPsmIsDematerialize": null
    },
    {
      "types": [
        "core-operation",
        "https://ofn.gov.cz/slovník/psm/CreateClass"
      ],
      "iri": "https://ofn.gov.cz/operation/1746620103577-ee90-6d73-bc6a",
      "parent": "https://ofn.gov.cz/operation/1746620095712-533a-cfb9-af02",
      "dataPsmNewIri": null,
      "dataPsmInterpretation": "m8dk4ktrtuma3wupub",
      "dataPsmTechnicalLabel": "konceptuální_model",
      "dataPsmHumanLabel": null,
      "dataPsmHumanDescription": null,
      "dataPsmExtends": [],
      "dataPsmIsClosed": null
    },
    {
      "types": [
        "core-operation",
        "https://ofn.gov.cz/slovník/psm/CreateAssociationEnd"
      ],
      "iri": "https://ofn.gov.cz/operation/1746620103617-c099-947d-816f",
      "parent": "https://ofn.gov.cz/operation/1746620103577-ee90-6d73-bc6a",
      "dataPsmNewIri": null,
      "dataPsmInterpretation": "vyhgjd7f6tmab51hyp",
      "dataPsmTechnicalLabel": "conforms_to",
      "dataPsmHumanLabel": null,
      "dataPsmHumanDescription": null,
      "dataPsmOwner": "https://ofn.gov.cz/class/1746620095672-04da-b285-8d63",
      "dataPsmPart": "https://ofn.gov.cz/class/1746620103577-18a4-4261-8e87",
      "dataPsmIsReverse": false,
      "dataPsmIsDematerialize": null
    },
    {
      "types": [
        "core-operation",
        "https://ofn.gov.cz/slovník/psm/CreateClass"
      ],
      "iri": "https://ofn.gov.cz/operation/1746620103666-442b-0749-b4fe",
      "parent": "https://ofn.gov.cz/operation/1746620103617-c099-947d-816f",
      "dataPsmNewIri": null,
      "dataPsmInterpretation": "i1nkp37y1znmab4ylf5",
      "dataPsmTechnicalLabel": "format",
      "dataPsmHumanLabel": null,
      "dataPsmHumanDescription": null,
      "dataPsmExtends": [],
      "dataPsmIsClosed": null
    },
    {
      "types": [
        "core-operation",
        "https://ofn.gov.cz/slovník/psm/CreateAssociationEnd"
      ],
      "iri": "https://ofn.gov.cz/operation/1746620103709-b701-9f7f-9320",
      "parent": "https://ofn.gov.cz/operation/1746620103666-442b-0749-b4fe",
      "dataPsmNewIri": null,
      "dataPsmInterpretation": "jlk67fcofumab4zjjt",
      "dataPsmTechnicalLabel": "format",
      "dataPsmHumanLabel": null,
      "dataPsmHumanDescription": null,
      "dataPsmOwner": "https://ofn.gov.cz/class/1746620095672-04da-b285-8d63",
      "dataPsmPart": "https://ofn.gov.cz/class/1746620103666-a575-dea1-ba16",
      "dataPsmIsReverse": false,
      "dataPsmIsDematerialize": null
    },
    {
      "types": [
        "core-operation",
        "https://ofn.gov.cz/slovník/psm/CreateClass"
      ],
      "iri": "https://ofn.gov.cz/operation/1746620103762-83af-2dc8-98cd",
      "parent": "https://ofn.gov.cz/operation/1746620103709-b701-9f7f-9320",
      "dataPsmNewIri": null,
      "dataPsmInterpretation": "oseifhejz3mab4p399",
      "dataPsmTechnicalLabel": "resource_role",
      "dataPsmHumanLabel": null,
      "dataPsmHumanDescription": null,
      "dataPsmExtends": [],
      "dataPsmIsClosed": null
    },
    {
      "types": [
        "core-operation",
        "https://ofn.gov.cz/slovník/psm/CreateAssociationEnd"
      ],
      "iri": "https://ofn.gov.cz/operation/1746620103811-ff71-eef5-b5fb",
      "parent": "https://ofn.gov.cz/operation/1746620103762-83af-2dc8-98cd",
      "dataPsmNewIri": null,
      "dataPsmInterpretation": "7o9kzojra18mab4qivg",
      "dataPsmTechnicalLabel": "has_role",
      "dataPsmHumanLabel": null,
      "dataPsmHumanDescription": null,
      "dataPsmOwner": "https://ofn.gov.cz/class/1746620095672-04da-b285-8d63",
      "dataPsmPart": "https://ofn.gov.cz/class/1746620103762-b528-a467-ae2b",
      "dataPsmIsReverse": false,
      "dataPsmIsDematerialize": null
    },
    {
      "types": [
        "core-operation",
        "https://ofn.gov.cz/slovník/psm/CreateClass"
      ],
      "iri": "https://ofn.gov.cz/operation/1746620103854-8a04-ad57-a0ce",
      "parent": "https://ofn.gov.cz/operation/1746620103811-ff71-eef5-b5fb",
      "dataPsmNewIri": null,
      "dataPsmInterpretation": "tvz8iufev8om9b8cjnu",
      "dataPsmTechnicalLabel": "resource",
      "dataPsmHumanLabel": null,
      "dataPsmHumanDescription": null,
      "dataPsmExtends": [],
      "dataPsmIsClosed": null
    },
    {
      "types": [
        "core-operation",
        "https://ofn.gov.cz/slovník/psm/CreateAssociationEnd"
      ],
      "iri": "https://ofn.gov.cz/operation/1746620103899-19cf-7cad-9b2a",
      "parent": "https://ofn.gov.cz/operation/1746620103854-8a04-ad57-a0ce",
      "dataPsmNewIri": null,
      "dataPsmInterpretation": "e8k915f8yzmaauhvuh",
      "dataPsmTechnicalLabel": "has_artifact",
      "dataPsmHumanLabel": null,
      "dataPsmHumanDescription": null,
      "dataPsmOwner": "https://ofn.gov.cz/class/1746620095672-04da-b285-8d63",
      "dataPsmPart": "https://ofn.gov.cz/class/1746620103854-230d-ff04-a1dd",
      "dataPsmIsReverse": false,
      "dataPsmIsDematerialize": null
    },
    {
      "types": [
        "core-operation",
        "https://ofn.gov.cz/slovník/psm/CreateClass"
      ],
      "iri": "https://ofn.gov.cz/operation/1746620103945-05f9-2831-a103",
      "parent": "https://ofn.gov.cz/operation/1746620103899-19cf-7cad-9b2a",
      "dataPsmNewIri": null,
      "dataPsmInterpretation": "6sge1vctyx3ma3xib9a",
      "dataPsmTechnicalLabel": "semantic_data_specification",
      "dataPsmHumanLabel": null,
      "dataPsmHumanDescription": null,
      "dataPsmExtends": [],
      "dataPsmIsClosed": null
    },
    {
      "types": [
        "core-operation",
        "https://ofn.gov.cz/slovník/psm/CreateAssociationEnd"
      ],
      "iri": "https://ofn.gov.cz/operation/1746620103989-352b-9b1a-95d0",
      "parent": "https://ofn.gov.cz/operation/1746620103945-05f9-2831-a103",
      "dataPsmNewIri": null,
      "dataPsmInterpretation": "7j0cfd9mvjma3xji4v",
      "dataPsmTechnicalLabel": "has_resource",
      "dataPsmHumanLabel": null,
      "dataPsmHumanDescription": null,
      "dataPsmOwner": "https://ofn.gov.cz/class/1746620095672-04da-b285-8d63",
      "dataPsmPart": "https://ofn.gov.cz/class/1746620103945-ef01-637e-aa96",
      "dataPsmIsReverse": true,
      "dataPsmIsDematerialize": null
    }
  ],
  "resources": {
    "5b7e1d5b-eb25-4bbf-bf58-a24887893ae5": {
      "types": [
        "https://ofn.gov.cz/slovník/psm/Schema"
      ],
      "iri": "5b7e1d5b-eb25-4bbf-bf58-a24887893ae5",
      "dataPsmHumanLabel": {
        "en": "Vocabulary Specification Document",
        "cs": "Vocabulary Specification Document"
      },
      "dataPsmHumanDescription": {
        "en": "Data structure for Vocabulary Specification Document. A Vocabulary Specification Document is a human-readable representation of a Vocabulary.",
        "cs": "Datová struktura pro Vocabulary Specification Document. A Vocabulary Specification Document is a human-readable representation of a Vocabulary."
      },
      "dataPsmTechnicalLabel": null,
      "dataPsmRoots": [
        "https://ofn.gov.cz/class/1746620009771-c653-16ad-a61f"
      ],
      "dataPsmParts": [
        "https://ofn.gov.cz/class/1746620009771-c653-16ad-a61f",
        "https://ofn.gov.cz/attribute/1746620027153-419a-6dcd-a395",
        "https://ofn.gov.cz/attribute/1746620027192-c765-5e48-afe1",
        "https://ofn.gov.cz/class/1746620044771-eccd-b804-a121",
        "https://ofn.gov.cz/association/1746620044807-86c4-9e8c-acd6",
        "https://ofn.gov.cz/class/1746620044848-ac18-d524-bf89",
        "https://ofn.gov.cz/association/1746620044884-2071-8815-ac02",
        "https://ofn.gov.cz/class/1746620044932-329d-9e4b-9c9d",
        "https://ofn.gov.cz/association/1746620044966-30d7-c7a4-a3e5",
        "https://ofn.gov.cz/class/1746620045007-c259-6495-83d0",
        "https://ofn.gov.cz/association/1746620045047-99da-fd53-975a",
        "https://ofn.gov.cz/class/1746620057954-6c3b-bdd0-9550",
        "https://ofn.gov.cz/association/1746620057990-5900-b7ef-bb39",
        "https://ofn.gov.cz/attribute/1746620078281-304f-9f6a-9c5a",
        "https://ofn.gov.cz/attribute/1746620078324-cb07-f5a2-9130",
        "https://ofn.gov.cz/attribute/1746620078370-dee4-f507-b1aa",
        "https://ofn.gov.cz/class/1746620095591-ad00-3e89-b5e7",
        "https://ofn.gov.cz/association/1746620095629-1ed8-dafc-af48",
        "https://ofn.gov.cz/class/1746620095672-04da-b285-8d63",
        "https://ofn.gov.cz/association/1746620095711-7f86-10cc-8340",
        "https://ofn.gov.cz/class/1746620103577-18a4-4261-8e87",
        "https://ofn.gov.cz/association/1746620103617-c1a7-47fe-bb7c",
        "https://ofn.gov.cz/class/1746620103666-a575-dea1-ba16",
        "https://ofn.gov.cz/association/1746620103709-2e9f-17df-a382",
        "https://ofn.gov.cz/class/1746620103762-b528-a467-ae2b",
        "https://ofn.gov.cz/association/1746620103811-64df-5b55-9226",
        "https://ofn.gov.cz/class/1746620103854-230d-ff04-a1dd",
        "https://ofn.gov.cz/association/1746620103899-1ad3-ad53-ba2f",
        "https://ofn.gov.cz/class/1746620103945-ef01-637e-aa96",
        "https://ofn.gov.cz/association/1746620103989-80f3-0751-9914"
      ]
    },
    "https://ofn.gov.cz/class/1746620009771-c653-16ad-a61f": {
      "types": [
        "https://ofn.gov.cz/slovník/psm/Class"
      ],
      "iri": "https://ofn.gov.cz/class/1746620009771-c653-16ad-a61f",
      "dataPsmHumanLabel": null,
      "dataPsmHumanDescription": null,
      "dataPsmTechnicalLabel": "vocabulary_specification_document",
      "dataPsmInterpretation": "mpizj2apo6mma3wwh7i",
      "dataPsmExtends": [],
      "dataPsmParts": [
        "https://ofn.gov.cz/attribute/1746620027153-419a-6dcd-a395",
        "https://ofn.gov.cz/attribute/1746620027192-c765-5e48-afe1",
        "https://ofn.gov.cz/association/1746620044807-86c4-9e8c-acd6",
        "https://ofn.gov.cz/association/1746620044884-2071-8815-ac02",
        "https://ofn.gov.cz/association/1746620044966-30d7-c7a4-a3e5",
        "https://ofn.gov.cz/association/1746620045047-99da-fd53-975a",
        "https://ofn.gov.cz/association/1746620057990-5900-b7ef-bb39"
      ],
      "dataPsmIsClosed": null
    },
    "https://ofn.gov.cz/attribute/1746620027153-419a-6dcd-a395": {
      "types": [
        "https://ofn.gov.cz/slovník/psm/Attribute"
      ],
      "iri": "https://ofn.gov.cz/attribute/1746620027153-419a-6dcd-a395",
      "dataPsmHumanLabel": null,
      "dataPsmHumanDescription": null,
      "dataPsmTechnicalLabel": "title",
      "dataPsmInterpretation": "n4vv10fhfuma3xfduz",
      "dataPsmDatatype": "https://ofn.gov.cz/zdroj/základní-datové-typy/2020-07-01/text"
    },
    "https://ofn.gov.cz/attribute/1746620027192-c765-5e48-afe1": {
      "types": [
        "https://ofn.gov.cz/slovník/psm/Attribute"
      ],
      "iri": "https://ofn.gov.cz/attribute/1746620027192-c765-5e48-afe1",
      "dataPsmHumanLabel": null,
      "dataPsmHumanDescription": null,
      "dataPsmTechnicalLabel": "description",
      "dataPsmInterpretation": "lt5scrd2hypma3xfx42",
      "dataPsmDatatype": "https://ofn.gov.cz/zdroj/základní-datové-typy/2020-07-01/text"
    },
    "https://ofn.gov.cz/class/1746620044771-eccd-b804-a121": {
      "types": [
        "https://ofn.gov.cz/slovník/psm/Class"
      ],
      "iri": "https://ofn.gov.cz/class/1746620044771-eccd-b804-a121",
      "dataPsmHumanLabel": null,
      "dataPsmHumanDescription": null,
      "dataPsmTechnicalLabel": "konceptuální_model",
      "dataPsmInterpretation": "m8dk4ktrtuma3wupub",
      "dataPsmExtends": [],
      "dataPsmParts": [],
      "dataPsmIsClosed": null
    },
    "https://ofn.gov.cz/association/1746620044807-86c4-9e8c-acd6": {
      "types": [
        "https://ofn.gov.cz/slovník/psm/AssociationEnd"
      ],
      "iri": "https://ofn.gov.cz/association/1746620044807-86c4-9e8c-acd6",
      "dataPsmHumanLabel": null,
      "dataPsmHumanDescription": null,
      "dataPsmTechnicalLabel": "conforms_to",
      "dataPsmInterpretation": "vyhgjd7f6tmab51hyp",
      "dataPsmPart": "https://ofn.gov.cz/class/1746620044771-eccd-b804-a121",
      "dataPsmIsReverse": false,
      "dataPsmIsDematerialize": null
    },
    "https://ofn.gov.cz/class/1746620044848-ac18-d524-bf89": {
      "types": [
        "https://ofn.gov.cz/slovník/psm/Class"
      ],
      "iri": "https://ofn.gov.cz/class/1746620044848-ac18-d524-bf89",
      "dataPsmHumanLabel": null,
      "dataPsmHumanDescription": null,
      "dataPsmTechnicalLabel": "format",
      "dataPsmInterpretation": "i1nkp37y1znmab4ylf5",
      "dataPsmExtends": [],
      "dataPsmParts": [],
      "dataPsmIsClosed": null
    },
    "https://ofn.gov.cz/association/1746620044884-2071-8815-ac02": {
      "types": [
        "https://ofn.gov.cz/slovník/psm/AssociationEnd"
      ],
      "iri": "https://ofn.gov.cz/association/1746620044884-2071-8815-ac02",
      "dataPsmHumanLabel": null,
      "dataPsmHumanDescription": null,
      "dataPsmTechnicalLabel": "format",
      "dataPsmInterpretation": "jlk67fcofumab4zjjt",
      "dataPsmPart": "https://ofn.gov.cz/class/1746620044848-ac18-d524-bf89",
      "dataPsmIsReverse": false,
      "dataPsmIsDematerialize": null
    },
    "https://ofn.gov.cz/class/1746620044932-329d-9e4b-9c9d": {
      "types": [
        "https://ofn.gov.cz/slovník/psm/Class"
      ],
      "iri": "https://ofn.gov.cz/class/1746620044932-329d-9e4b-9c9d",
      "dataPsmHumanLabel": null,
      "dataPsmHumanDescription": null,
      "dataPsmTechnicalLabel": "resource_role",
      "dataPsmInterpretation": "oseifhejz3mab4p399",
      "dataPsmExtends": [],
      "dataPsmParts": [],
      "dataPsmIsClosed": null
    },
    "https://ofn.gov.cz/association/1746620044966-30d7-c7a4-a3e5": {
      "types": [
        "https://ofn.gov.cz/slovník/psm/AssociationEnd"
      ],
      "iri": "https://ofn.gov.cz/association/1746620044966-30d7-c7a4-a3e5",
      "dataPsmHumanLabel": null,
      "dataPsmHumanDescription": null,
      "dataPsmTechnicalLabel": "has_role",
      "dataPsmInterpretation": "7o9kzojra18mab4qivg",
      "dataPsmPart": "https://ofn.gov.cz/class/1746620044932-329d-9e4b-9c9d",
      "dataPsmIsReverse": false,
      "dataPsmIsDematerialize": null
    },
    "https://ofn.gov.cz/class/1746620045007-c259-6495-83d0": {
      "types": [
        "https://ofn.gov.cz/slovník/psm/Class"
      ],
      "iri": "https://ofn.gov.cz/class/1746620045007-c259-6495-83d0",
      "dataPsmHumanLabel": null,
      "dataPsmHumanDescription": null,
      "dataPsmTechnicalLabel": "resource",
      "dataPsmInterpretation": "tvz8iufev8om9b8cjnu",
      "dataPsmExtends": [],
      "dataPsmParts": [],
      "dataPsmIsClosed": null
    },
    "https://ofn.gov.cz/association/1746620045047-99da-fd53-975a": {
      "types": [
        "https://ofn.gov.cz/slovník/psm/AssociationEnd"
      ],
      "iri": "https://ofn.gov.cz/association/1746620045047-99da-fd53-975a",
      "dataPsmHumanLabel": null,
      "dataPsmHumanDescription": null,
      "dataPsmTechnicalLabel": "has_artifact",
      "dataPsmInterpretation": "e8k915f8yzmaauhvuh",
      "dataPsmPart": "https://ofn.gov.cz/class/1746620045007-c259-6495-83d0",
      "dataPsmIsReverse": false,
      "dataPsmIsDematerialize": null
    },
    "https://ofn.gov.cz/class/1746620057954-6c3b-bdd0-9550": {
      "types": [
        "https://ofn.gov.cz/slovník/psm/Class"
      ],
      "iri": "https://ofn.gov.cz/class/1746620057954-6c3b-bdd0-9550",
      "dataPsmHumanLabel": null,
      "dataPsmHumanDescription": null,
      "dataPsmTechnicalLabel": "vocabulary",
      "dataPsmInterpretation": "m82a0phe3xima3ufaca",
      "dataPsmExtends": [],
      "dataPsmParts": [
        "https://ofn.gov.cz/attribute/1746620078281-304f-9f6a-9c5a",
        "https://ofn.gov.cz/attribute/1746620078324-cb07-f5a2-9130",
        "https://ofn.gov.cz/attribute/1746620078370-dee4-f507-b1aa",
        "https://ofn.gov.cz/association/1746620095629-1ed8-dafc-af48",
        "https://ofn.gov.cz/association/1746620095711-7f86-10cc-8340"
      ],
      "dataPsmIsClosed": null
    },
    "https://ofn.gov.cz/association/1746620057990-5900-b7ef-bb39": {
      "types": [
        "https://ofn.gov.cz/slovník/psm/AssociationEnd"
      ],
      "iri": "https://ofn.gov.cz/association/1746620057990-5900-b7ef-bb39",
      "dataPsmHumanLabel": null,
      "dataPsmHumanDescription": null,
      "dataPsmTechnicalLabel": "has_specification",
      "dataPsmInterpretation": "y39lpsmlioma3wyql3",
      "dataPsmPart": "https://ofn.gov.cz/class/1746620057954-6c3b-bdd0-9550",
      "dataPsmIsReverse": true,
      "dataPsmIsDematerialize": null
    },
    "https://ofn.gov.cz/attribute/1746620078281-304f-9f6a-9c5a": {
      "types": [
        "https://ofn.gov.cz/slovník/psm/Attribute"
      ],
      "iri": "https://ofn.gov.cz/attribute/1746620078281-304f-9f6a-9c5a",
      "dataPsmHumanLabel": null,
      "dataPsmHumanDescription": null,
      "dataPsmTechnicalLabel": "title",
      "dataPsmInterpretation": "d6vywsg33kgma3xm3el",
      "dataPsmDatatype": "https://ofn.gov.cz/zdroj/základní-datové-typy/2020-07-01/text"
    },
    "https://ofn.gov.cz/attribute/1746620078324-cb07-f5a2-9130": {
      "types": [
        "https://ofn.gov.cz/slovník/psm/Attribute"
      ],
      "iri": "https://ofn.gov.cz/attribute/1746620078324-cb07-f5a2-9130",
      "dataPsmHumanLabel": null,
      "dataPsmHumanDescription": null,
      "dataPsmTechnicalLabel": "description",
      "dataPsmInterpretation": "sxwff891l9ma3xmesl",
      "dataPsmDatatype": "https://ofn.gov.cz/zdroj/základní-datové-typy/2020-07-01/text"
    },
    "https://ofn.gov.cz/attribute/1746620078370-dee4-f507-b1aa": {
      "types": [
        "https://ofn.gov.cz/slovník/psm/Attribute"
      ],
      "iri": "https://ofn.gov.cz/attribute/1746620078370-dee4-f507-b1aa",
      "dataPsmHumanLabel": null,
      "dataPsmHumanDescription": null,
      "dataPsmTechnicalLabel": "has_token",
      "dataPsmInterpretation": "g055oqcugqlmaaxv7p3",
      "dataPsmDatatype": "http://www.w3.org/2001/XMLSchema#token"
    },
    "https://ofn.gov.cz/class/1746620095591-ad00-3e89-b5e7": {
      "types": [
        "https://ofn.gov.cz/slovník/psm/Class"
      ],
      "iri": "https://ofn.gov.cz/class/1746620095591-ad00-3e89-b5e7",
      "dataPsmHumanLabel": null,
      "dataPsmHumanDescription": null,
      "dataPsmTechnicalLabel": "vocabulary_specification_document",
      "dataPsmInterpretation": "mpizj2apo6mma3wwh7i",
      "dataPsmExtends": [],
      "dataPsmParts": [],
      "dataPsmIsClosed": null
    },
    "https://ofn.gov.cz/association/1746620095629-1ed8-dafc-af48": {
      "types": [
        "https://ofn.gov.cz/slovník/psm/AssociationEnd"
      ],
      "iri": "https://ofn.gov.cz/association/1746620095629-1ed8-dafc-af48",
      "dataPsmHumanLabel": null,
      "dataPsmHumanDescription": null,
      "dataPsmTechnicalLabel": "has_specification",
      "dataPsmInterpretation": "y39lpsmlioma3wyql3",
      "dataPsmPart": "https://ofn.gov.cz/class/1746620095591-ad00-3e89-b5e7",
      "dataPsmIsReverse": false,
      "dataPsmIsDematerialize": null
    },
    "https://ofn.gov.cz/class/1746620095672-04da-b285-8d63": {
      "types": [
        "https://ofn.gov.cz/slovník/psm/Class"
      ],
      "iri": "https://ofn.gov.cz/class/1746620095672-04da-b285-8d63",
      "dataPsmHumanLabel": null,
      "dataPsmHumanDescription": null,
      "dataPsmTechnicalLabel": "resource_descriptor",
      "dataPsmInterpretation": "rlr78ikehlm9a12990",
      "dataPsmExtends": [],
      "dataPsmParts": [
        "https://ofn.gov.cz/association/1746620103617-c1a7-47fe-bb7c",
        "https://ofn.gov.cz/association/1746620103709-2e9f-17df-a382",
        "https://ofn.gov.cz/association/1746620103811-64df-5b55-9226",
        "https://ofn.gov.cz/association/1746620103899-1ad3-ad53-ba2f",
        "https://ofn.gov.cz/association/1746620103989-80f3-0751-9914"
      ],
      "dataPsmIsClosed": null
    },
    "https://ofn.gov.cz/association/1746620095711-7f86-10cc-8340": {
      "types": [
        "https://ofn.gov.cz/slovník/psm/AssociationEnd"
      ],
      "iri": "https://ofn.gov.cz/association/1746620095711-7f86-10cc-8340",
      "dataPsmHumanLabel": null,
      "dataPsmHumanDescription": null,
      "dataPsmTechnicalLabel": "has_resource",
      "dataPsmInterpretation": "7j0cfd9mvjma3xji4v",
      "dataPsmPart": "https://ofn.gov.cz/class/1746620095672-04da-b285-8d63",
      "dataPsmIsReverse": false,
      "dataPsmIsDematerialize": null
    },
    "https://ofn.gov.cz/class/1746620103577-18a4-4261-8e87": {
      "types": [
        "https://ofn.gov.cz/slovník/psm/Class"
      ],
      "iri": "https://ofn.gov.cz/class/1746620103577-18a4-4261-8e87",
      "dataPsmHumanLabel": null,
      "dataPsmHumanDescription": null,
      "dataPsmTechnicalLabel": "konceptuální_model",
      "dataPsmInterpretation": "m8dk4ktrtuma3wupub",
      "dataPsmExtends": [],
      "dataPsmParts": [],
      "dataPsmIsClosed": null
    },
    "https://ofn.gov.cz/association/1746620103617-c1a7-47fe-bb7c": {
      "types": [
        "https://ofn.gov.cz/slovník/psm/AssociationEnd"
      ],
      "iri": "https://ofn.gov.cz/association/1746620103617-c1a7-47fe-bb7c",
      "dataPsmHumanLabel": null,
      "dataPsmHumanDescription": null,
      "dataPsmTechnicalLabel": "conforms_to",
      "dataPsmInterpretation": "vyhgjd7f6tmab51hyp",
      "dataPsmPart": "https://ofn.gov.cz/class/1746620103577-18a4-4261-8e87",
      "dataPsmIsReverse": false,
      "dataPsmIsDematerialize": null
    },
    "https://ofn.gov.cz/class/1746620103666-a575-dea1-ba16": {
      "types": [
        "https://ofn.gov.cz/slovník/psm/Class"
      ],
      "iri": "https://ofn.gov.cz/class/1746620103666-a575-dea1-ba16",
      "dataPsmHumanLabel": null,
      "dataPsmHumanDescription": null,
      "dataPsmTechnicalLabel": "format",
      "dataPsmInterpretation": "i1nkp37y1znmab4ylf5",
      "dataPsmExtends": [],
      "dataPsmParts": [],
      "dataPsmIsClosed": null
    },
    "https://ofn.gov.cz/association/1746620103709-2e9f-17df-a382": {
      "types": [
        "https://ofn.gov.cz/slovník/psm/AssociationEnd"
      ],
      "iri": "https://ofn.gov.cz/association/1746620103709-2e9f-17df-a382",
      "dataPsmHumanLabel": null,
      "dataPsmHumanDescription": null,
      "dataPsmTechnicalLabel": "format",
      "dataPsmInterpretation": "jlk67fcofumab4zjjt",
      "dataPsmPart": "https://ofn.gov.cz/class/1746620103666-a575-dea1-ba16",
      "dataPsmIsReverse": false,
      "dataPsmIsDematerialize": null
    },
    "https://ofn.gov.cz/class/1746620103762-b528-a467-ae2b": {
      "types": [
        "https://ofn.gov.cz/slovník/psm/Class"
      ],
      "iri": "https://ofn.gov.cz/class/1746620103762-b528-a467-ae2b",
      "dataPsmHumanLabel": null,
      "dataPsmHumanDescription": null,
      "dataPsmTechnicalLabel": "resource_role",
      "dataPsmInterpretation": "oseifhejz3mab4p399",
      "dataPsmExtends": [],
      "dataPsmParts": [],
      "dataPsmIsClosed": null
    },
    "https://ofn.gov.cz/association/1746620103811-64df-5b55-9226": {
      "types": [
        "https://ofn.gov.cz/slovník/psm/AssociationEnd"
      ],
      "iri": "https://ofn.gov.cz/association/1746620103811-64df-5b55-9226",
      "dataPsmHumanLabel": null,
      "dataPsmHumanDescription": null,
      "dataPsmTechnicalLabel": "has_role",
      "dataPsmInterpretation": "7o9kzojra18mab4qivg",
      "dataPsmPart": "https://ofn.gov.cz/class/1746620103762-b528-a467-ae2b",
      "dataPsmIsReverse": false,
      "dataPsmIsDematerialize": null
    },
    "https://ofn.gov.cz/class/1746620103854-230d-ff04-a1dd": {
      "types": [
        "https://ofn.gov.cz/slovník/psm/Class"
      ],
      "iri": "https://ofn.gov.cz/class/1746620103854-230d-ff04-a1dd",
      "dataPsmHumanLabel": null,
      "dataPsmHumanDescription": null,
      "dataPsmTechnicalLabel": "resource",
      "dataPsmInterpretation": "tvz8iufev8om9b8cjnu",
      "dataPsmExtends": [],
      "dataPsmParts": [],
      "dataPsmIsClosed": null
    },
    "https://ofn.gov.cz/association/1746620103899-1ad3-ad53-ba2f": {
      "types": [
        "https://ofn.gov.cz/slovník/psm/AssociationEnd"
      ],
      "iri": "https://ofn.gov.cz/association/1746620103899-1ad3-ad53-ba2f",
      "dataPsmHumanLabel": null,
      "dataPsmHumanDescription": null,
      "dataPsmTechnicalLabel": "has_artifact",
      "dataPsmInterpretation": "e8k915f8yzmaauhvuh",
      "dataPsmPart": "https://ofn.gov.cz/class/1746620103854-230d-ff04-a1dd",
      "dataPsmIsReverse": false,
      "dataPsmIsDematerialize": null
    },
    "https://ofn.gov.cz/class/1746620103945-ef01-637e-aa96": {
      "types": [
        "https://ofn.gov.cz/slovník/psm/Class"
      ],
      "iri": "https://ofn.gov.cz/class/1746620103945-ef01-637e-aa96",
      "dataPsmHumanLabel": null,
      "dataPsmHumanDescription": null,
      "dataPsmTechnicalLabel": "semantic_data_specification",
      "dataPsmInterpretation": "6sge1vctyx3ma3xib9a",
      "dataPsmExtends": [],
      "dataPsmParts": [],
      "dataPsmIsClosed": null
    },
    "https://ofn.gov.cz/association/1746620103989-80f3-0751-9914": {
      "types": [
        "https://ofn.gov.cz/slovník/psm/AssociationEnd"
      ],
      "iri": "https://ofn.gov.cz/association/1746620103989-80f3-0751-9914",
      "dataPsmHumanLabel": null,
      "dataPsmHumanDescription": null,
      "dataPsmTechnicalLabel": "has_resource",
      "dataPsmInterpretation": "7j0cfd9mvjma3xji4v",
      "dataPsmPart": "https://ofn.gov.cz/class/1746620103945-ef01-637e-aa96",
      "dataPsmIsReverse": true,
      "dataPsmIsDematerialize": null
    }
  }
}