{
  "iri": "5b7e1d5b-eb25-4bbf-bf58-a24887893ae5",
  "types": [
    "http://dataspecer.com/resources/v1/psm"
  ],
  "userMetadata": {
    "label": {
      "en": "Vocabulary Specification Document",
      "cs": "Vocabulary Specification Document"
    },
    "description": {
      "en": "Data structure for Vocabulary Specification Document. A Vocabulary Specification Document is a human-readable representation of a Vocabulary.",
      "cs": "Datová struktura pro Vocabulary Specification Document. A Vocabulary Specification Document is a human-readable representation of a Vocabulary."
    }
  },
  "metadata": {
    "creationDate": "2025-05-07T12:13:20.118Z",
    "modificationDate": "2025-05-09T12:44:58.106Z"
  },
  "_version": 1,
  "_exportVersion": 1,
  "_exportedAt": "2025-05-11T10:51:11.376Z",
  "_exportedBy": "http://localhost:3100"
}