{
  "iri": "5b7e1d5b-eb25-4bbf-bf58-a24887893ae5",
  "types": [
    "http://dataspecer.com/resources/v1/psm"
  ],
  "userMetadata": {
    "label": {
      "en": "Vocabulary Specification Document",
      "cs": "Vocabulary Specification Document"
    },
    "description": {
      "en": "Data structure for Vocabulary Specification Document. A Vocabulary Specification Document is a human-readable representation of a Vocabulary.",
      "cs": "Datová struktura pro Vocabulary Specification Document. A Vocabulary Specification Document is a human-readable representation of a Vocabulary."
    }
  },
  "metadata": {
    "creationDate": "2025-05-07T12:13:20.118Z",
    "modificationDate": "2025-05-12T04:49:08.094Z"
  },
  "_version": 1,
  "_exportVersion": 1,
  "_exportedAt": "2025-05-12T08:04:29.798Z",
  "_exportedBy": "http://localhost:3100"
}