{
  "identifier": "626cb",
  "version": 1,
  "type": "http://dataspecer.com/resources/local/visual-model",
  "entities": [
    {
      "type": [
        "http://dataspecer.com/resources/local/visual-model"
      ],
      "representedModel": "7d081002-a1e3-42a0-aaf8-712d8d19a677",
      "color": "#b8a3d3",
      "identifier": "1hn6"
    },
    {
      "type": [
        "http://dataspecer.com/resources/local/visual-model"
      ],
      "representedModel": "i254ag",
      "color": "#ffd670",
      "identifier": "hbeyz"
    },
    {
      "identifier": "626cb-model-metadata-entity",
      "type": [
        "entity-model-type"
      ],
      "label": {
        "en": "Specification view"
      }
    },
    {
      "model": "7d081002-a1e3-42a0-aaf8-712d8d19a677",
      "representedEntity": "m8dk4ktrtuma3wupub",
      "position": {
        "x": 410,
        "y": 210
      },
      "content": [],
      "visualModels": [],
      "type": [
        "visual-node"
      ],
      "identifier": "m8csf"
    },
    {
      "model": "7d081002-a1e3-42a0-aaf8-712d8d19a677",
      "representedEntity": "iuivo4xdyrdma3wuv1t",
      "position": {
        "x": 350,
        "y": -60
      },
      "content": [],
      "visualModels": [],
      "type": [
        "visual-node"
      ],
      "identifier": "15vj6"
    },
    {
      "model": "7d081002-a1e3-42a0-aaf8-712d8d19a677",
      "representedRelationship": "r53gp22u95qm9gu4o1p",
      "waypoints": [],
      "visualSource": "m8csf",
      "visualTarget": "15vj6",
      "type": [
        "visual-relationship"
      ],
      "identifier": "94hdo"
    },
    {
      "model": "7d081002-a1e3-42a0-aaf8-712d8d19a677",
      "representedEntity": "mpizj2apo6mma3wwh7i",
      "position": {
        "x": 1370,
        "y": -60
      },
      "content": [],
      "visualModels": [],
      "type": [
        "visual-node"
      ],
      "identifier": "r7c5x"
    },
    {
      "model": "7d081002-a1e3-42a0-aaf8-712d8d19a677",
      "representedEntity": "6sge1vctyx3ma3xib9a",
      "position": {
        "x": 910,
        "y": 350
      },
      "content": [
        "d6vywsg33kgma3xm3el",
        "sxwff891l9ma3xmesl",
        "g055oqcugqlmaaxv7p3"
      ],
      "visualModels": [],
      "type": [
        "visual-node"
      ],
      "identifier": "ktjtff"
    },
    {
      "model": "7d081002-a1e3-42a0-aaf8-712d8d19a677",
      "representedRelationship": "raq3pga3yiima3xifpp",
      "waypoints": [],
      "visualSource": "m8csf",
      "visualTarget": "ktjtff",
      "type": [
        "visual-relationship"
      ],
      "identifier": "sdqo8"
    },
    {
      "model": "7d081002-a1e3-42a0-aaf8-712d8d19a677",
      "representedRelationship": "qsf6gp5q7dama3xpjjx",
      "waypoints": [
        {
          "x": 910,
          "y": 230,
          "anchored": null
        }
      ],
      "visualSource": "m8csf",
      "visualTarget": "ktjtff",
      "type": [
        "visual-relationship"
      ],
      "identifier": "q3cbf"
    },
    {
      "model": "7d081002-a1e3-42a0-aaf8-712d8d19a677",
      "representedEntity": "v7l54rgxqvm9b8behh",
      "position": {
        "x": -70,
        "y": 210
      },
      "content": [],
      "visualModels": [],
      "type": [
        "visual-node"
      ],
      "identifier": "mzenoh"
    },
    {
      "model": "7d081002-a1e3-42a0-aaf8-712d8d19a677",
      "representedRelationship": "47ys7v2p17ym9b97rh9",
      "waypoints": [],
      "visualSource": "mzenoh",
      "visualTarget": "m8csf",
      "type": [
        "visual-relationship"
      ],
      "identifier": "gbmaj"
    },
    {
      "model": "7d081002-a1e3-42a0-aaf8-712d8d19a677",
      "representedEntity": "m82a0phe3xima3ufaca",
      "position": {
        "x": 1450,
        "y": 210
      },
      "content": [],
      "visualModels": [],
      "type": [
        "visual-node"
      ],
      "identifier": "vbrfp"
    },
    {
      "model": "7d081002-a1e3-42a0-aaf8-712d8d19a677",
      "representedRelationship": "y39lpsmlioma3wyql3",
      "waypoints": [],
      "visualSource": "vbrfp",
      "visualTarget": "r7c5x",
      "type": [
        "visual-relationship"
      ],
      "identifier": "nd3do"
    },
    {
      "model": "7d081002-a1e3-42a0-aaf8-712d8d19a677",
      "representedRelationship": "rvt3eglnei9ma3xihpg",
      "waypoints": [],
      "visualSource": "vbrfp",
      "visualTarget": "ktjtff",
      "type": [
        "visual-relationship"
      ],
      "identifier": "5rdks"
    },
    {
      "model": "7d081002-a1e3-42a0-aaf8-712d8d19a677",
      "representedEntity": "z8b7pjl5uyem9b8d78b",
      "position": {
        "x": 1960,
        "y": 70
      },
      "content": [],
      "visualModels": [],
      "type": [
        "visual-node"
      ],
      "identifier": "sa4v3"
    },
    {
      "model": "7d081002-a1e3-42a0-aaf8-712d8d19a677",
      "representedRelationship": "tuz56hxcgqlm9b8gnak",
      "waypoints": [],
      "visualSource": "sa4v3",
      "visualTarget": "vbrfp",
      "type": [
        "visual-relationship"
      ],
      "identifier": "mryqd"
    },
    {
      "model": "7d081002-a1e3-42a0-aaf8-712d8d19a677",
      "representedEntity": "e5zswl7sro5m9b8d3a2",
      "position": {
        "x": 1960,
        "y": 330
      },
      "content": [],
      "visualModels": [],
      "type": [
        "visual-node"
      ],
      "identifier": "alrtyj"
    },
    {
      "model": "7d081002-a1e3-42a0-aaf8-712d8d19a677",
      "representedRelationship": "5togoue50q9m9b8gdfk",
      "waypoints": [],
      "visualSource": "alrtyj",
      "visualTarget": "vbrfp",
      "type": [
        "visual-relationship"
      ],
      "identifier": "p39kq"
    },
    {
      "model": "7d081002-a1e3-42a0-aaf8-712d8d19a677",
      "representedEntity": "rlr78ikehlm9a12990",
      "position": {
        "x": 910,
        "y": -60
      },
      "content": [
        "e8k915f8yzmaauhvuh"
      ],
      "visualModels": [],
      "type": [
        "visual-node"
      ],
      "identifier": "5ufdz"
    },
    {
      "model": "7d081002-a1e3-42a0-aaf8-712d8d19a677",
      "representedRelationship": "f7cprni9oeama3wwsrc",
      "waypoints": [],
      "visualSource": "15vj6",
      "visualTarget": "5ufdz",
      "type": [
        "visual-relationship"
      ],
      "identifier": "m4txn"
    },
    {
      "model": "7d081002-a1e3-42a0-aaf8-712d8d19a677",
      "representedRelationship": "8cwjjvwf6ysma3wwuxp",
      "waypoints": [],
      "visualSource": "r7c5x",
      "visualTarget": "5ufdz",
      "type": [
        "visual-relationship"
      ],
      "identifier": "urctk"
    },
    {
      "model": "7d081002-a1e3-42a0-aaf8-712d8d19a677",
      "representedRelationship": "7j0cfd9mvjma3xji4v",
      "waypoints": [],
      "visualSource": "ktjtff",
      "visualTarget": "5ufdz",
      "type": [
        "visual-relationship"
      ],
      "identifier": "d7l95"
    },
    {
      "model": "7d081002-a1e3-42a0-aaf8-712d8d19a677",
      "representedEntity": "3nhmuufrnyam9b8bmtk",
      "position": {
        "x": -70,
        "y": 20
      },
      "content": [],
      "visualModels": [],
      "type": [
        "visual-node"
      ],
      "identifier": "s8229"
    },
    {
      "model": "7d081002-a1e3-42a0-aaf8-712d8d19a677",
      "representedRelationship": "44e1ttt3nm2m9b8e3a2",
      "waypoints": [],
      "visualSource": "s8229",
      "visualTarget": "mzenoh",
      "type": [
        "visual-relationship"
      ],
      "identifier": "5jgdt"
    },
    {
      "model": "7d081002-a1e3-42a0-aaf8-712d8d19a677",
      "representedEntity": "il9wsqvdgdm9b8burt",
      "position": {
        "x": -80,
        "y": 390
      },
      "content": [],
      "visualModels": [],
      "type": [
        "visual-node"
      ],
      "identifier": "dj81ci"
    },
    {
      "model": "7d081002-a1e3-42a0-aaf8-712d8d19a677",
      "representedRelationship": "7a1kp7i2s7wm9b8e5as",
      "waypoints": [],
      "visualSource": "dj81ci",
      "visualTarget": "mzenoh",
      "type": [
        "visual-relationship"
      ],
      "identifier": "7qrx9"
    },
    {
      "model": "7d081002-a1e3-42a0-aaf8-712d8d19a677",
      "representedEntity": "uno19lbzu7ma3xep6u",
      "position": {
        "x": 900,
        "y": -510
      },
      "content": [
        "n4vv10fhfuma3xfduz",
        "lt5scrd2hypma3xfx42"
      ],
      "visualModels": [],
      "type": [
        "visual-node"
      ],
      "identifier": "qjd7v"
    },
    {
      "model": "7d081002-a1e3-42a0-aaf8-712d8d19a677",
      "representedRelationship": "617maxi2s8rma3xey29",
      "waypoints": [],
      "visualSource": "r7c5x",
      "visualTarget": "qjd7v",
      "type": [
        "visual-relationship"
      ],
      "identifier": "bukcv"
    },
    {
      "model": "7d081002-a1e3-42a0-aaf8-712d8d19a677",
      "representedRelationship": "mzyhb2u54ma3xeuvg",
      "waypoints": [],
      "visualSource": "15vj6",
      "visualTarget": "qjd7v",
      "type": [
        "visual-relationship"
      ],
      "identifier": "xx2hwk"
    },
    {
      "model": "b32f4b80-78cc-4bc8-82a7-bbfeb2495360/5c9677d0-611c-49bd-8aa6-8d7f0912880c/d3624ea2-1117-4009-9083-65b35ddc6f48",
      "representedEntity": "http://www.w3.org/ns/dx/prof/Profile",
      "position": {
        "x": 960,
        "y": 650
      },
      "content": [],
      "visualModels": [],
      "type": [
        "visual-node"
      ],
      "identifier": "lsbw7"
    },
    {
      "entity": "6sge1vctyx3ma3xib9a",
      "model": "7d081002-a1e3-42a0-aaf8-712d8d19a677",
      "visualSource": "ktjtff",
      "visualTarget": "lsbw7",
      "waypoints": [],
      "type": [
        "visual-profile-relationship"
      ],
      "identifier": "ebsvk"
    },
    {
      "entity": "m8dk4ktrtuma3wupub",
      "model": "7d081002-a1e3-42a0-aaf8-712d8d19a677",
      "visualSource": "m8csf",
      "visualTarget": "lsbw7",
      "waypoints": [],
      "type": [
        "visual-profile-relationship"
      ],
      "identifier": "ykftih"
    },
    {
      "entity": "m82a0phe3xima3ufaca",
      "model": "7d081002-a1e3-42a0-aaf8-712d8d19a677",
      "visualSource": "vbrfp",
      "visualTarget": "lsbw7",
      "waypoints": [],
      "type": [
        "visual-profile-relationship"
      ],
      "identifier": "nzmvp"
    },
    {
      "model": "b32f4b80-78cc-4bc8-82a7-bbfeb2495360/5c9677d0-611c-49bd-8aa6-8d7f0912880c/d3624ea2-1117-4009-9083-65b35ddc6f48",
      "representedEntity": "http://www.w3.org/ns/dx/prof/ResourceDescriptor",
      "position": {
        "x": 900,
        "y": -210
      },
      "content": [],
      "visualModels": [],
      "type": [
        "visual-node"
      ],
      "identifier": "vdhhy"
    },
    {
      "entity": "uno19lbzu7ma3xep6u",
      "model": "7d081002-a1e3-42a0-aaf8-712d8d19a677",
      "visualSource": "qjd7v",
      "visualTarget": "vdhhy",
      "waypoints": [],
      "type": [
        "visual-profile-relationship"
      ],
      "identifier": "hl7rg"
    },
    {
      "entity": "mpizj2apo6mma3wwh7i",
      "model": "7d081002-a1e3-42a0-aaf8-712d8d19a677",
      "visualSource": "r7c5x",
      "visualTarget": "vdhhy",
      "waypoints": [],
      "type": [
        "visual-profile-relationship"
      ],
      "identifier": "mh9lsi"
    },
    {
      "entity": "iuivo4xdyrdma3wuv1t",
      "model": "7d081002-a1e3-42a0-aaf8-712d8d19a677",
      "visualSource": "15vj6",
      "visualTarget": "vdhhy",
      "waypoints": [],
      "type": [
        "visual-profile-relationship"
      ],
      "identifier": "i7g6z"
    },
    {
      "entity": "rlr78ikehlm9a12990",
      "model": "7d081002-a1e3-42a0-aaf8-712d8d19a677",
      "visualSource": "5ufdz",
      "visualTarget": "vdhhy",
      "waypoints": [],
      "type": [
        "visual-profile-relationship"
      ],
      "identifier": "sjddn"
    },
    {
      "type": [
        "http://dataspecer.com/resources/local/visual-model"
      ],
      "representedModel": "b32f4b80-78cc-4bc8-82a7-bbfeb2495360/ec650e55-3aac-4133-9b33-13f298b5a834/vocabulary",
      "color": "#1effbc",
      "identifier": "5vsjqf"
    },
    {
      "type": [
        "http://dataspecer.com/resources/local/visual-model"
      ],
      "representedModel": "b32f4b80-78cc-4bc8-82a7-bbfeb2495360/ec650e55-3aac-4133-9b33-13f298b5a834/0d1990a5-ce9a-4611-8a43-67c74ff0a7e0",
      "color": "#8da266",
      "identifier": "vbu29"
    },
    {
      "type": [
        "http://dataspecer.com/resources/local/visual-model"
      ],
      "representedModel": "b32f4b80-78cc-4bc8-82a7-bbfeb2495360/ec650e55-3aac-4133-9b33-13f298b5a834/0b2cc675-0f60-4948-84a5-f0ff05717b99",
      "color": "#e63462",
      "identifier": "7zbuw"
    },
    {
      "type": [
        "http://dataspecer.com/resources/local/visual-model"
      ],
      "representedModel": "b32f4b80-78cc-4bc8-82a7-bbfeb2495360/ec650e55-3aac-4133-9b33-13f298b5a834/98b02b8b-23a8-4b0b-b170-9f9e1b5eef55",
      "color": "#ffd670",
      "identifier": "boc3nf"
    },
    {
      "type": [
        "http://dataspecer.com/resources/local/visual-model"
      ],
      "representedModel": "b32f4b80-78cc-4bc8-82a7-bbfeb2495360/ec650e55-3aac-4133-9b33-13f298b5a834/f6037491-3e58-4685-abf9-4c0ff5823ab3",
      "color": "#92bcea",
      "identifier": "btioo"
    },
    {
      "type": [
        "http://dataspecer.com/resources/local/visual-model"
      ],
      "representedModel": "b32f4b80-78cc-4bc8-82a7-bbfeb2495360/ec650e55-3aac-4133-9b33-13f298b5a834/f9f7c817-5b1c-4447-bef1-af964c5f1b13",
      "color": "#ffb770",
      "identifier": "c36uil"
    },
    {
      "type": [
        "http://dataspecer.com/resources/local/visual-model"
      ],
      "representedModel": "b32f4b80-78cc-4bc8-82a7-bbfeb2495360/ec650e55-3aac-4133-9b33-13f298b5a834/25a5f99a-a311-461c-9555-5a1e8c712e82",
      "color": "#4dc9ab",
      "identifier": "dl4sqh"
    }
  ]
}