{
  "iri": "7d081002-a1e3-42a0-aaf8-712d8d19a677",
  "types": [
    "http://dataspecer.com/resources/local/semantic-model"
  ],
  "userMetadata": {
    "label": {
      "en": "dsv-dap"
    },
    "description": {
      "en": "Semantic model for the profile"
    }
  },
  "metadata": {
    "creationDate": "2025-04-09T14:05:48.458Z",
    "modificationDate": "2025-04-14T08:52:29.765Z"
  },
  "_version": 1,
  "_exportVersion": 1,
  "_exportedAt": "2025-04-14T08:52:40.948Z",
  "_exportedBy": "http://localhost:3100"
}