{
  "type": "http://dataspecer.com/resources/local/semantic-model",
  "modelId": "7d081002-a1e3-42a0-aaf8-712d8d19a677",
  "modelAlias": "dsv-dap",
  "baseIri": "https://w3id.org/dsv-dap#",
  "entities": {
    "jko38yoe91dm9a0ggpt": {
      "id": "jko38yoe91dm9a0ggpt",
      "type": [
        "class-profile"
      ],
      "description": {
        "en": "An Application profile identifies classes and properties from vocabularies, and class profiles and property profiles from Application profiles that are re-used in a certain usage context. It also allows specification editors to further adjust the description of re-used classes and properties for that usage context without the need to explicitly create subclasses and subproperties."
      },
      "descriptionFromProfiled": null,
      "name": {
        "en": "Application Profile"
      },
      "nameFromProfiled": null,
      "iri": "ApplicationProfile",
      "usageNote": {},
      "usageNoteFromProfiled": null,
      "profiling": [
        "http://www.w3.org/ns/dx/prof/Profile"
      ]
    },
    "qc1s3rxg6zm9a0gvwg": {
      "id": "qc1s3rxg6zm9a0gvwg",
      "type": [
        "class-profile"
      ],
      "description": {
        "en": "A Vocabulary consists of definitions of classes and properties, typically with their future re-use in application profiles in mind."
      },
      "descriptionFromProfiled": null,
      "name": {
        "en": "Vocabulary"
      },
      "nameFromProfiled": null,
      "iri": "Vocabulary",
      "usageNote": {},
      "usageNoteFromProfiled": null,
      "profiling": [
        "http://www.w3.org/2002/07/owl#Ontology"
      ]
    },
    "lswxg3d561m9a0om2n": {
      "id": "lswxg3d561m9a0om2n",
      "type": [
        "class-profile"
      ],
      "description": {
        "en": "A Data Specification. Can be a Vocabulary, and/or an Application Profile."
      },
      "descriptionFromProfiled": null,
      "name": {
        "en": "Data specification"
      },
      "nameFromProfiled": null,
      "iri": "DataSpecification",
      "usageNote": {},
      "usageNoteFromProfiled": null,
      "profiling": [
        "http://purl.org/dc/terms/Standard",
        "http://www.w3.org/ns/adms#Asset"
      ]
    },
    "zggafij32fnm9a0orqh": {
      "id": "zggafij32fnm9a0orqh",
      "iri": null,
      "child": "jko38yoe91dm9a0ggpt",
      "parent": "lswxg3d561m9a0om2n",
      "type": [
        "generalization"
      ]
    },
    "d5m5unfmviim9a0otmw": {
      "id": "d5m5unfmviim9a0otmw",
      "iri": null,
      "child": "qc1s3rxg6zm9a0gvwg",
      "parent": "lswxg3d561m9a0om2n",
      "type": [
        "generalization"
      ]
    },
    "rlr78ikehlm9a12990": {
      "id": "rlr78ikehlm9a12990",
      "type": [
        "class-profile"
      ],
      "description": {},
      "descriptionFromProfiled": "http://www.w3.org/ns/dx/prof/ResourceDescriptor",
      "name": {
        "en": "Resource Descriptor"
      },
      "nameFromProfiled": "http://www.w3.org/ns/dx/prof/ResourceDescriptor",
      "iri": "ResourceDescriptor",
      "usageNote": {},
      "usageNoteFromProfiled": null,
      "profiling": [
        "http://www.w3.org/ns/dx/prof/ResourceDescriptor",
        "http://www.w3.org/ns/adms#AssetDistribution"
      ]
    },
    "l6eq8h11pm8m9a1hnml": {
      "ends": [
        {
          "name": null,
          "nameFromProfiled": null,
          "description": null,
          "descriptionFromProfiled": null,
          "iri": null,
          "cardinality": null,
          "usageNote": null,
          "usageNoteFromProfiled": null,
          "profiling": [],
          "concept": "jko38yoe91dm9a0ggpt"
        },
        {
          "name": {
            "en": "is profile of"
          },
          "nameFromProfiled": "http://www.w3.org/ns/dx/prof/isProfileOf",
          "description": {},
          "descriptionFromProfiled": "http://www.w3.org/ns/dx/prof/isProfileOf",
          "iri": "ApplicationProfile.isProfileOf",
          "cardinality": [
            1,
            null
          ],
          "usageNote": {},
          "usageNoteFromProfiled": null,
          "profiling": [
            "http://www.w3.org/ns/dx/prof/isProfileOf"
          ],
          "concept": "lswxg3d561m9a0om2n"
        }
      ],
      "id": "l6eq8h11pm8m9a1hnml",
      "type": [
        "relationship-profile"
      ]
    },
    "z874re82f2cm9b8b626": {
      "iri": "ConceptualModel",
      "profiling": [
        "https://w3id.org/dsv#ConceptualModel"
      ],
      "name": {
        "cs": "Konceptuální model",
        "en": "Conceptual model"
      },
      "nameFromProfiled": "https://w3id.org/dsv#ConceptualModel",
      "description": {
        "cs": "Konceptuální model obsahující profily tříd a vlastností různých slovníků.",
        "en": "Conceptual model containing profiles of classes and properties of various vocabularies."
      },
      "descriptionFromProfiled": "https://w3id.org/dsv#ConceptualModel",
      "usageNote": {},
      "usageNoteFromProfiled": null,
      "id": "z874re82f2cm9b8b626",
      "type": [
        "class-profile"
      ]
    },
    "v7l54rgxqvm9b8behh": {
      "iri": "Profile",
      "profiling": [
        "https://w3id.org/dsv#Profile"
      ],
      "name": {
        "cs": "Profil",
        "en": "Profile"
      },
      "nameFromProfiled": "https://w3id.org/dsv#Profile",
      "description": {
        "cs": "Profil entity. Umožňuje blíže specifikovat některé její vlastnost v kontextu aplikačního profilu.",
        "en": "Entity profile. Allows profile editors to specify context dependent information such as label, definition, usage note, cardinalities, etc."
      },
      "descriptionFromProfiled": "https://w3id.org/dsv#Profile",
      "usageNote": {},
      "usageNoteFromProfiled": null,
      "id": "v7l54rgxqvm9b8behh",
      "type": [
        "class-profile"
      ]
    },
    "3nhmuufrnyam9b8bmtk": {
      "iri": "ClassProfile",
      "profiling": [
        "https://w3id.org/dsv#ClassProfile"
      ],
      "name": {
        "cs": "Profil třídy",
        "en": "Class Profile"
      },
      "nameFromProfiled": "https://w3id.org/dsv#ClassProfile",
      "description": {
        "en": "Profile of a class. Allows specification editors to specify profile specific names, definitions and usage notes."
      },
      "descriptionFromProfiled": "https://w3id.org/dsv#ClassProfile",
      "usageNote": {},
      "usageNoteFromProfiled": null,
      "id": "3nhmuufrnyam9b8bmtk",
      "type": [
        "class-profile"
      ]
    },
    "il9wsqvdgdm9b8burt": {
      "iri": "PropertyProfile",
      "profiling": [
        "https://w3id.org/dsv#PropertyProfile"
      ],
      "name": {
        "cs": "Profil vlastnosti",
        "en": "Property Profile"
      },
      "nameFromProfiled": "https://w3id.org/dsv#PropertyProfile",
      "description": {
        "en": "Profile of a property allows specification editors to specify profile specific name, definition, usage note, domain, range and cardinality."
      },
      "descriptionFromProfiled": "https://w3id.org/dsv#PropertyProfile",
      "usageNote": {},
      "usageNoteFromProfiled": null,
      "id": "il9wsqvdgdm9b8burt",
      "type": [
        "class-profile"
      ]
    },
    "8bhnp19vz5cm9b8byba": {
      "iri": "ObjectPropertyProfile",
      "profiling": [
        "https://w3id.org/dsv#ObjectPropertyProfile"
      ],
      "name": {
        "cs": "Profil objektové vlastnosti",
        "en": "Object Property Profile"
      },
      "nameFromProfiled": "https://w3id.org/dsv#ObjectPropertyProfile",
      "description": {},
      "descriptionFromProfiled": "https://w3id.org/dsv#ObjectPropertyProfile",
      "usageNote": {},
      "usageNoteFromProfiled": null,
      "id": "8bhnp19vz5cm9b8byba",
      "type": [
        "class-profile"
      ]
    },
    "wwj111un1ram9b8c05a": {
      "iri": "DatatypePropertyProfile",
      "profiling": [
        "https://w3id.org/dsv#DatatypePropertyProfile"
      ],
      "name": {
        "cs": "Profile atributu",
        "en": "Datatype Property Profile"
      },
      "nameFromProfiled": "https://w3id.org/dsv#DatatypePropertyProfile",
      "description": {},
      "descriptionFromProfiled": "https://w3id.org/dsv#DatatypePropertyProfile",
      "usageNote": {},
      "usageNoteFromProfiled": null,
      "id": "wwj111un1ram9b8c05a",
      "type": [
        "class-profile"
      ]
    },
    "qglj98hu1cpm9b8casu": {
      "iri": "PropertyValueReuse",
      "profiling": [
        "https://w3id.org/dsv#PropertyValueReuse"
      ],
      "name": {
        "en": "Property Value Reuse"
      },
      "nameFromProfiled": "https://w3id.org/dsv#PropertyValueReuse",
      "description": {
        "en": "Specifies, which values of which properties of which resources are reused for the current Profile.\nE.g. reuse of profile name, reuse of class name, reuse of profile definition, reuse of profile usage note, etc."
      },
      "descriptionFromProfiled": "https://w3id.org/dsv#PropertyValueReuse",
      "usageNote": {},
      "usageNoteFromProfiled": null,
      "id": "qglj98hu1cpm9b8casu",
      "type": [
        "class-profile"
      ]
    },
    "tvz8iufev8om9b8cjnu": {
      "iri": "Resource",
      "profiling": [
        "http://www.w3.org/2000/01/rdf-schema#Resource"
      ],
      "name": {
        "en": "Resource"
      },
      "nameFromProfiled": "http://www.w3.org/2000/01/rdf-schema#Resource",
      "description": {
        "en": "The class resource, everything."
      },
      "descriptionFromProfiled": "http://www.w3.org/2000/01/rdf-schema#Resource",
      "usageNote": {},
      "usageNoteFromProfiled": null,
      "id": "tvz8iufev8om9b8cjnu",
      "type": [
        "class-profile"
      ]
    },
    "e5zswl7sro5m9b8d3a2": {
      "iri": "Property",
      "profiling": [
        "http://www.w3.org/1999/02/22-rdf-syntax-ns#Property"
      ],
      "name": {
        "en": "Property"
      },
      "nameFromProfiled": "http://www.w3.org/1999/02/22-rdf-syntax-ns#Property",
      "description": {
        "en": "The class of RDF properties."
      },
      "descriptionFromProfiled": "http://www.w3.org/1999/02/22-rdf-syntax-ns#Property",
      "usageNote": {},
      "usageNoteFromProfiled": null,
      "id": "e5zswl7sro5m9b8d3a2",
      "type": [
        "class-profile"
      ]
    },
    "z8b7pjl5uyem9b8d78b": {
      "iri": "Class",
      "profiling": [
        "http://www.w3.org/2000/01/rdf-schema#Class"
      ],
      "name": {
        "en": "Class"
      },
      "nameFromProfiled": "http://www.w3.org/2000/01/rdf-schema#Class",
      "description": {
        "en": "The class of classes."
      },
      "descriptionFromProfiled": "http://www.w3.org/2000/01/rdf-schema#Class",
      "usageNote": {},
      "usageNoteFromProfiled": null,
      "id": "z8b7pjl5uyem9b8d78b",
      "type": [
        "class-profile"
      ]
    },
    "21ow0uhseq3m9b8dh72": {
      "id": "21ow0uhseq3m9b8dh72",
      "iri": null,
      "child": "z8b7pjl5uyem9b8d78b",
      "parent": "tvz8iufev8om9b8cjnu",
      "type": [
        "generalization"
      ]
    },
    "rhif9caeb1rm9b8divo": {
      "id": "rhif9caeb1rm9b8divo",
      "iri": null,
      "child": "v7l54rgxqvm9b8behh",
      "parent": "tvz8iufev8om9b8cjnu",
      "type": [
        "generalization"
      ]
    },
    "c159j1thzbsm9b8dl78": {
      "id": "c159j1thzbsm9b8dl78",
      "iri": null,
      "child": "e5zswl7sro5m9b8d3a2",
      "parent": "tvz8iufev8om9b8cjnu",
      "type": [
        "generalization"
      ]
    },
    "knlt7a6jurfm9b8dshe": {
      "iri": "InvalidProfile",
      "profiling": [
        "https://w3id.org/dsv#InvalidProfile"
      ],
      "name": {
        "cs": "Nevalidní profil",
        "en": "Invalid profile"
      },
      "nameFromProfiled": "https://w3id.org/dsv#InvalidProfile",
      "description": {
        "cs": "Neplatný profil je profil, který porušuje pravidla pro správné profilování. To může být z dobrého důvodu, jako je dočasná nekonzistence, která se má teprve projevit na profilované entitě.",
        "en": "Invalid profile is a profile, which breaks profile compliance rules. This may be for a good reason such as temporary, to be propagated upstream, inconsistency."
      },
      "descriptionFromProfiled": "https://w3id.org/dsv#InvalidProfile",
      "usageNote": {},
      "usageNoteFromProfiled": null,
      "id": "knlt7a6jurfm9b8dshe",
      "type": [
        "class-profile"
      ]
    },
    "gsd1arzjksrm9b8dwwa": {
      "id": "gsd1arzjksrm9b8dwwa",
      "iri": null,
      "child": "knlt7a6jurfm9b8dshe",
      "parent": "v7l54rgxqvm9b8behh",
      "type": [
        "generalization"
      ]
    },
    "44e1ttt3nm2m9b8e3a2": {
      "id": "44e1ttt3nm2m9b8e3a2",
      "iri": null,
      "child": "3nhmuufrnyam9b8bmtk",
      "parent": "v7l54rgxqvm9b8behh",
      "type": [
        "generalization"
      ]
    },
    "7a1kp7i2s7wm9b8e5as": {
      "id": "7a1kp7i2s7wm9b8e5as",
      "iri": null,
      "child": "il9wsqvdgdm9b8burt",
      "parent": "v7l54rgxqvm9b8behh",
      "type": [
        "generalization"
      ]
    },
    "5togoue50q9m9b8gdfk": {
      "id": "5togoue50q9m9b8gdfk",
      "type": [
        "relationship-profile"
      ],
      "ends": [
        {
          "name": null,
          "nameFromProfiled": null,
          "description": null,
          "descriptionFromProfiled": null,
          "iri": null,
          "cardinality": null,
          "usageNote": null,
          "usageNoteFromProfiled": null,
          "profiling": [],
          "concept": "e5zswl7sro5m9b8d3a2",
          "externalDocumentationUrl": null,
          "tags": []
        },
        {
          "name": {
            "en": "is defined by"
          },
          "nameFromProfiled": null,
          "description": {
            "en": "The defininition of the subject resource."
          },
          "descriptionFromProfiled": "http://www.w3.org/2000/01/rdf-schema#isDefinedBy",
          "iri": "Property.isdefinedby",
          "cardinality": [
            1,
            1
          ],
          "usageNote": {},
          "usageNoteFromProfiled": null,
          "profiling": [
            "http://www.w3.org/2000/01/rdf-schema#isDefinedBy"
          ],
          "concept": "qc1s3rxg6zm9a0gvwg",
          "externalDocumentationUrl": null,
          "tags": []
        }
      ]
    },
    "tuz56hxcgqlm9b8gnak": {
      "id": "tuz56hxcgqlm9b8gnak",
      "type": [
        "relationship-profile"
      ],
      "ends": [
        {
          "name": null,
          "nameFromProfiled": null,
          "description": null,
          "descriptionFromProfiled": null,
          "iri": null,
          "cardinality": null,
          "usageNote": null,
          "usageNoteFromProfiled": null,
          "profiling": [],
          "concept": "z8b7pjl5uyem9b8d78b",
          "externalDocumentationUrl": null,
          "tags": []
        },
        {
          "name": {
            "en": "is defined by"
          },
          "nameFromProfiled": null,
          "description": {
            "en": "The defininition of the subject resource."
          },
          "descriptionFromProfiled": "http://www.w3.org/2000/01/rdf-schema#isDefinedBy",
          "iri": "Class.isdefinedby",
          "cardinality": [
            1,
            1
          ],
          "usageNote": {},
          "usageNoteFromProfiled": null,
          "profiling": [
            "http://www.w3.org/2000/01/rdf-schema#isDefinedBy"
          ],
          "concept": "qc1s3rxg6zm9a0gvwg",
          "externalDocumentationUrl": null,
          "tags": []
        }
      ]
    },
    "umqvmhv89mbm9b8h5za": {
      "ends": [
        {
          "name": null,
          "nameFromProfiled": null,
          "description": null,
          "descriptionFromProfiled": null,
          "iri": null,
          "cardinality": null,
          "usageNote": null,
          "usageNoteFromProfiled": null,
          "profiling": [],
          "concept": "il9wsqvdgdm9b8burt"
        },
        {
          "name": {
            "en": "profiled property"
          },
          "nameFromProfiled": "https://w3id.org/dsv#property",
          "description": {
            "en": "The property profiled by the property profile."
          },
          "descriptionFromProfiled": "https://w3id.org/dsv#property",
          "iri": "PropertyProfile.profiledProperty",
          "cardinality": [
            1,
            1
          ],
          "usageNote": {},
          "usageNoteFromProfiled": null,
          "profiling": [
            "https://w3id.org/dsv#property"
          ],
          "concept": "e5zswl7sro5m9b8d3a2"
        }
      ],
      "id": "umqvmhv89mbm9b8h5za",
      "type": [
        "relationship-profile"
      ]
    },
    "sf4wr0x2n1m9b8honk": {
      "id": "sf4wr0x2n1m9b8honk",
      "iri": null,
      "child": "8bhnp19vz5cm9b8byba",
      "parent": "il9wsqvdgdm9b8burt",
      "type": [
        "generalization"
      ]
    },
    "ouzc27b12omm9b8hqem": {
      "id": "ouzc27b12omm9b8hqem",
      "iri": null,
      "child": "wwj111un1ram9b8c05a",
      "parent": "il9wsqvdgdm9b8burt",
      "type": [
        "generalization"
      ]
    },
    "l5pouepxoedm9b8hzn7": {
      "iri": "Datatype",
      "profiling": [
        "http://www.w3.org/2000/01/rdf-schema#Datatype"
      ],
      "name": {
        "en": "Datatype"
      },
      "nameFromProfiled": "http://www.w3.org/2000/01/rdf-schema#Datatype",
      "description": {
        "en": "The class of RDF datatypes."
      },
      "descriptionFromProfiled": "http://www.w3.org/2000/01/rdf-schema#Datatype",
      "usageNote": {},
      "usageNoteFromProfiled": null,
      "id": "l5pouepxoedm9b8hzn7",
      "type": [
        "class-profile"
      ]
    },
    "lzdeaede09im9b8ivqt": {
      "id": "lzdeaede09im9b8ivqt",
      "type": [
        "relationship-profile"
      ],
      "ends": [
        {
          "name": null,
          "nameFromProfiled": null,
          "description": null,
          "descriptionFromProfiled": null,
          "iri": null,
          "cardinality": null,
          "usageNote": null,
          "usageNoteFromProfiled": null,
          "profiling": [],
          "concept": "wwj111un1ram9b8c05a"
        },
        {
          "name": {
            "en": "datatype"
          },
          "nameFromProfiled": "https://w3id.org/dsv#datatype",
          "description": {
            "en": "Datatype used with this Datatype property profile."
          },
          "descriptionFromProfiled": null,
          "iri": "DatatypePropertyProfile.datatype",
          "cardinality": [
            1,
            1
          ],
          "usageNote": {},
          "usageNoteFromProfiled": null,
          "profiling": [
            "https://w3id.org/dsv#datatype"
          ],
          "concept": "l5pouepxoedm9b8hzn7"
        }
      ]
    },
    "grpl6njksn8m9b8khx6": {
      "id": "grpl6njksn8m9b8khx6",
      "type": [
        "relationship-profile"
      ],
      "ends": [
        {
          "name": null,
          "nameFromProfiled": null,
          "description": null,
          "descriptionFromProfiled": null,
          "iri": null,
          "cardinality": null,
          "usageNote": null,
          "usageNoteFromProfiled": null,
          "profiling": [],
          "concept": "8bhnp19vz5cm9b8byba"
        },
        {
          "name": {
            "en": "range"
          },
          "nameFromProfiled": "https://w3id.org/dsv#range",
          "description": {
            "en": "Class profile that is the range of the object property profile."
          },
          "descriptionFromProfiled": "https://w3id.org/dsv#range",
          "iri": "ObjectPropertyProfile.range",
          "cardinality": [
            1,
            1
          ],
          "usageNote": {},
          "usageNoteFromProfiled": null,
          "profiling": [
            "https://w3id.org/dsv#range"
          ],
          "concept": "3nhmuufrnyam9b8bmtk"
        }
      ]
    },
    "lv4zjq4qisjm9b8l42p": {
      "ends": [
        {
          "name": null,
          "nameFromProfiled": null,
          "description": null,
          "descriptionFromProfiled": null,
          "iri": null,
          "cardinality": null,
          "usageNote": null,
          "usageNoteFromProfiled": null,
          "profiling": [],
          "concept": "il9wsqvdgdm9b8burt"
        },
        {
          "name": {
            "en": "domain"
          },
          "nameFromProfiled": "https://w3id.org/dsv#domain",
          "description": {},
          "descriptionFromProfiled": "https://w3id.org/dsv#domain",
          "iri": "PropertyProfile.domain",
          "cardinality": [
            1,
            1
          ],
          "usageNote": {},
          "usageNoteFromProfiled": null,
          "profiling": [
            "https://w3id.org/dsv#domain"
          ],
          "concept": "3nhmuufrnyam9b8bmtk"
        }
      ],
      "id": "lv4zjq4qisjm9b8l42p",
      "type": [
        "relationship-profile"
      ]
    },
    "4867fi1umr6m9b8su8d": {
      "ends": [
        {
          "name": null,
          "nameFromProfiled": null,
          "description": null,
          "descriptionFromProfiled": null,
          "iri": null,
          "cardinality": null,
          "usageNote": null,
          "usageNoteFromProfiled": null,
          "profiling": [],
          "concept": "qglj98hu1cpm9b8casu"
        },
        {
          "name": {
            "en": "reused from resource"
          },
          "nameFromProfiled": "https://w3id.org/dsv#reusedFromResource",
          "description": {
            "en": "The Resource on which there is a property with a value for reuse."
          },
          "descriptionFromProfiled": "https://w3id.org/dsv#reusedFromResource",
          "iri": "PropertyValueReuse.reusedFromResource",
          "cardinality": [
            1,
            1
          ],
          "usageNote": {},
          "usageNoteFromProfiled": null,
          "profiling": [
            "https://w3id.org/dsv#reusedFromResource"
          ],
          "concept": "tvz8iufev8om9b8cjnu"
        }
      ],
      "id": "4867fi1umr6m9b8su8d",
      "type": [
        "relationship-profile"
      ]
    },
    "wujaicucctom9b8ti9y": {
      "ends": [
        {
          "name": null,
          "nameFromProfiled": null,
          "description": null,
          "descriptionFromProfiled": null,
          "iri": null,
          "cardinality": null,
          "usageNote": null,
          "usageNoteFromProfiled": null,
          "profiling": [],
          "concept": "qglj98hu1cpm9b8casu"
        },
        {
          "name": {
            "en": "reused property"
          },
          "nameFromProfiled": "https://w3id.org/dsv#reusedProperty",
          "description": {},
          "descriptionFromProfiled": "https://w3id.org/dsv#reusedProperty",
          "iri": "PropertyValueReuse.reusedProperty",
          "cardinality": [
            1,
            1
          ],
          "usageNote": {},
          "usageNoteFromProfiled": null,
          "profiling": [
            "https://w3id.org/dsv#reusedProperty"
          ],
          "concept": "e5zswl7sro5m9b8d3a2"
        }
      ],
      "id": "wujaicucctom9b8ti9y",
      "type": [
        "relationship-profile"
      ]
    },
    "cadn0jvba7am9b8u4fj": {
      "ends": [
        {
          "name": null,
          "nameFromProfiled": null,
          "description": null,
          "descriptionFromProfiled": null,
          "iri": null,
          "cardinality": null,
          "usageNote": null,
          "usageNoteFromProfiled": null,
          "profiling": [],
          "concept": "v7l54rgxqvm9b8behh"
        },
        {
          "name": {
            "en": "reuses property value"
          },
          "nameFromProfiled": "https://w3id.org/dsv#reusesPropertyValue",
          "description": {
            "en": "Points to definitions of Property value reuse for this Profile."
          },
          "descriptionFromProfiled": "https://w3id.org/dsv#reusesPropertyValue",
          "iri": "Profile.reusesPropertyValue",
          "cardinality": [
            0,
            null
          ],
          "usageNote": {},
          "usageNoteFromProfiled": null,
          "profiling": [
            "https://w3id.org/dsv#reusesPropertyValue"
          ],
          "concept": "qglj98hu1cpm9b8casu"
        }
      ],
      "id": "cadn0jvba7am9b8u4fj",
      "type": [
        "relationship-profile"
      ]
    },
    "47ys7v2p17ym9b97rh9": {
      "id": "47ys7v2p17ym9b97rh9",
      "type": [
        "relationship-profile"
      ],
      "ends": [
        {
          "name": null,
          "nameFromProfiled": null,
          "description": null,
          "descriptionFromProfiled": null,
          "iri": null,
          "cardinality": null,
          "usageNote": null,
          "usageNoteFromProfiled": null,
          "profiling": [],
          "concept": "v7l54rgxqvm9b8behh",
          "externalDocumentationUrl": null,
          "tags": []
        },
        {
          "name": {
            "en": "is part of"
          },
          "nameFromProfiled": null,
          "description": {
            "en": "A related resource in which the described resource is physically or logically included."
          },
          "descriptionFromProfiled": "http://purl.org/dc/terms/isPartOf",
          "iri": "Profile.isPartOf",
          "cardinality": [
            1,
            1
          ],
          "usageNote": {},
          "usageNoteFromProfiled": null,
          "profiling": [
            "http://purl.org/dc/terms/isPartOf"
          ],
          "concept": "z874re82f2cm9b8b626",
          "externalDocumentationUrl": null,
          "tags": []
        }
      ]
    },
    "mjk98um4otmm9b99i37": {
      "ends": [
        {
          "name": null,
          "nameFromProfiled": null,
          "description": null,
          "descriptionFromProfiled": null,
          "iri": null,
          "cardinality": null,
          "usageNote": null,
          "usageNoteFromProfiled": null,
          "profiling": [],
          "concept": "v7l54rgxqvm9b8behh"
        },
        {
          "name": {
            "en": "specializes"
          },
          "nameFromProfiled": "https://w3id.org/dsv#specializes",
          "description": {
            "en": "Specifies a profile specialized by this profile."
          },
          "descriptionFromProfiled": "https://w3id.org/dsv#specializes",
          "iri": "Profile.specializes",
          "cardinality": [
            0,
            null
          ],
          "usageNote": {},
          "usageNoteFromProfiled": null,
          "profiling": [
            "https://w3id.org/dsv#specializes"
          ],
          "concept": "v7l54rgxqvm9b8behh"
        }
      ],
      "id": "mjk98um4otmm9b99i37",
      "type": [
        "relationship-profile"
      ]
    },
    "b4ikdryjid9m9b9bpqb": {
      "ends": [
        {
          "name": null,
          "nameFromProfiled": null,
          "description": null,
          "descriptionFromProfiled": null,
          "iri": null,
          "cardinality": null,
          "usageNote": null,
          "usageNoteFromProfiled": null,
          "profiling": [],
          "concept": "jko38yoe91dm9a0ggpt"
        },
        {
          "name": {
            "en": "conceptual model"
          },
          "nameFromProfiled": "https://w3id.org/dsv#conceptualModel",
          "description": {
            "en": "Specifies the conceptual model contained in the application profile."
          },
          "descriptionFromProfiled": "https://w3id.org/dsv#conceptualModel",
          "iri": "ApplicationProfile.conceptualModel",
          "cardinality": [
            1,
            1
          ],
          "usageNote": {},
          "usageNoteFromProfiled": null,
          "profiling": [
            "https://w3id.org/dsv#conceptualModel"
          ],
          "concept": "z874re82f2cm9b8b626"
        }
      ],
      "id": "b4ikdryjid9m9b9bpqb",
      "type": [
        "relationship-profile"
      ]
    },
    "onhyv5ni1im9b9cd1u": {
      "ends": [
        {
          "name": null,
          "nameFromProfiled": null,
          "description": null,
          "descriptionFromProfiled": null,
          "iri": null,
          "cardinality": null,
          "usageNote": null,
          "usageNoteFromProfiled": null,
          "profiling": [],
          "concept": "3nhmuufrnyam9b8bmtk"
        },
        {
          "name": {
            "en": "profiled class"
          },
          "nameFromProfiled": "https://w3id.org/dsv#class",
          "description": {
            "en": "The profiled class."
          },
          "descriptionFromProfiled": "https://w3id.org/dsv#class",
          "iri": "ClassProfile.profiledClass",
          "cardinality": [
            1,
            1
          ],
          "usageNote": {},
          "usageNoteFromProfiled": null,
          "profiling": [
            "https://w3id.org/dsv#class"
          ],
          "concept": "z8b7pjl5uyem9b8d78b"
        }
      ],
      "id": "onhyv5ni1im9b9cd1u",
      "type": [
        "relationship-profile"
      ]
    },
    "bup3mcoh5jwm9b9divo": {
      "id": "bup3mcoh5jwm9b9divo",
      "type": [
        "relationship-profile"
      ],
      "ends": [
        {
          "name": null,
          "nameFromProfiled": null,
          "description": null,
          "descriptionFromProfiled": null,
          "iri": null,
          "cardinality": null,
          "usageNote": null,
          "usageNoteFromProfiled": null,
          "profiling": [],
          "concept": "v7l54rgxqvm9b8behh"
        },
        {
          "name": {
            "en": "profile of"
          },
          "nameFromProfiled": "https://w3id.org/dsv#profileOf",
          "description": {
            "en": "Specifies a parent profile of the current profile."
          },
          "descriptionFromProfiled": "https://w3id.org/dsv#profileOf",
          "iri": "Profile.profileOf",
          "cardinality": [
            0,
            null
          ],
          "usageNote": {},
          "usageNoteFromProfiled": null,
          "profiling": [
            "https://w3id.org/dsv#profileOf"
          ],
          "concept": "v7l54rgxqvm9b8behh"
        }
      ]
    },
    "nvpzury2ldm9ba04an": {
      "id": "nvpzury2ldm9ba04an",
      "type": [
        "relationship-profile"
      ],
      "ends": [
        {
          "name": null,
          "nameFromProfiled": null,
          "description": null,
          "descriptionFromProfiled": null,
          "iri": null,
          "cardinality": null,
          "usageNote": null,
          "usageNoteFromProfiled": null,
          "profiling": [],
          "concept": "lswxg3d561m9a0om2n"
        },
        {
          "name": {
            "en": "reuses specification"
          },
          "nameFromProfiled": null,
          "description": {
            "en": "A related resource that is referenced, cited, or otherwise pointed to by the described resource."
          },
          "descriptionFromProfiled": "http://purl.org/dc/terms/references",
          "iri": "DataSpecification.reusesSpecification",
          "cardinality": [
            0,
            null
          ],
          "usageNote": {},
          "usageNoteFromProfiled": null,
          "profiling": [
            "http://purl.org/dc/terms/references"
          ],
          "concept": "lswxg3d561m9a0om2n"
        }
      ]
    },
    "g9i28cq9mmm9bay57j": {
      "iri": "Concept",
      "profiling": [
        "http://www.w3.org/2004/02/skos/core#Concept"
      ],
      "name": {
        "en": "Concept"
      },
      "nameFromProfiled": "http://www.w3.org/2004/02/skos/core#Concept",
      "description": {},
      "descriptionFromProfiled": "http://www.w3.org/2004/02/skos/core#Concept",
      "usageNote": {},
      "usageNoteFromProfiled": null,
      "id": "g9i28cq9mmm9bay57j",
      "type": [
        "class-profile"
      ]
    },
    "r72m8dj68opm9baznyj": {
      "id": "r72m8dj68opm9baznyj",
      "type": [
        "relationship-profile"
      ],
      "ends": [
        {
          "name": null,
          "nameFromProfiled": null,
          "description": null,
          "descriptionFromProfiled": null,
          "iri": null,
          "cardinality": null,
          "usageNote": null,
          "usageNoteFromProfiled": null,
          "profiling": [],
          "concept": "il9wsqvdgdm9b8burt"
        },
        {
          "name": {
            "cs": "kardinalita",
            "en": "cardinality"
          },
          "nameFromProfiled": "https://w3id.org/dsv#cardinality",
          "description": {},
          "descriptionFromProfiled": "https://w3id.org/dsv#cardinality",
          "iri": "PropertyProfile.cardinality",
          "cardinality": [
            0,
            1
          ],
          "usageNote": {},
          "usageNoteFromProfiled": null,
          "profiling": [
            "https://w3id.org/dsv#cardinality"
          ],
          "concept": "g9i28cq9mmm9bay57j"
        }
      ]
    },
    "xwtbvmzhmdm9bcz4ke": {
      "ends": [
        {
          "name": null,
          "nameFromProfiled": null,
          "description": null,
          "descriptionFromProfiled": null,
          "iri": null,
          "cardinality": null,
          "usageNote": null,
          "usageNoteFromProfiled": null,
          "profiling": [],
          "concept": "3nhmuufrnyam9b8bmtk"
        },
        {
          "name": {
            "en": "class role"
          },
          "nameFromProfiled": "https://w3id.org/dsv#classRole",
          "description": {
            "en": "Class role, e.g. Mandatory, Supportive, etc."
          },
          "descriptionFromProfiled": "https://w3id.org/dsv#classRole",
          "iri": "ClassProfile.classRole",
          "cardinality": [
            0,
            null
          ],
          "usageNote": {},
          "usageNoteFromProfiled": null,
          "profiling": [
            "https://w3id.org/dsv#classRole"
          ],
          "concept": "g9i28cq9mmm9bay57j"
        }
      ],
      "id": "xwtbvmzhmdm9bcz4ke",
      "type": [
        "relationship-profile"
      ]
    },
    "hsofzyoa5hom9bczivl": {
      "ends": [
        {
          "name": null,
          "nameFromProfiled": null,
          "description": null,
          "descriptionFromProfiled": null,
          "iri": null,
          "cardinality": null,
          "usageNote": null,
          "usageNoteFromProfiled": null,
          "profiling": [],
          "concept": "il9wsqvdgdm9b8burt"
        },
        {
          "name": {
            "en": "requirement level"
          },
          "nameFromProfiled": "https://w3id.org/dsv#requirementLevel",
          "description": {
            "en": "Requirement level of the property, typically mandatory, recommended or optional."
          },
          "descriptionFromProfiled": "https://w3id.org/dsv#requirementLevel",
          "iri": "PropertyProfile.requirementLevel",
          "cardinality": [
            0,
            1
          ],
          "usageNote": {},
          "usageNoteFromProfiled": null,
          "profiling": [
            "https://w3id.org/dsv#requirementLevel"
          ],
          "concept": "g9i28cq9mmm9bay57j"
        }
      ],
      "id": "hsofzyoa5hom9bczivl",
      "type": [
        "relationship-profile"
      ]
    },
    "r53gp22u95qm9gu4o1p": {
      "id": "r53gp22u95qm9gu4o1p",
      "type": [
        "relationship-profile"
      ],
      "ends": [
        {
          "name": null,
          "nameFromProfiled": null,
          "description": null,
          "descriptionFromProfiled": null,
          "iri": null,
          "cardinality": [
            1,
            1
          ],
          "usageNote": null,
          "usageNoteFromProfiled": null,
          "profiling": [],
          "externalDocumentationUrl": null,
          "tags": [],
          "concept": "lswxg3d561m9a0om2n"
        },
        {
          "name": {
            "en": "has resource"
          },
          "nameFromProfiled": "http://www.w3.org/ns/dx/prof/hasResource",
          "description": {},
          "descriptionFromProfiled": "http://www.w3.org/ns/dx/prof/hasResource",
          "iri": "DataSpecification.hasResource",
          "cardinality": [
            0,
            null
          ],
          "usageNote": {},
          "usageNoteFromProfiled": null,
          "profiling": [
            "http://www.w3.org/ns/dx/prof/hasResource"
          ],
          "externalDocumentationUrl": null,
          "tags": [],
          "concept": "rlr78ikehlm9a12990"
        }
      ]
    },
    "ag8sw4gzotbm9gzof6q": {
      "ends": [
        {
          "name": null,
          "nameFromProfiled": null,
          "description": null,
          "descriptionFromProfiled": null,
          "iri": null,
          "cardinality": null,
          "usageNote": null,
          "usageNoteFromProfiled": null,
          "profiling": [],
          "externalDocumentationUrl": null,
          "tags": [],
          "concept": "v7l54rgxqvm9b8behh"
        },
        {
          "name": {
            "en": "external documentation"
          },
          "nameFromProfiled": "https://w3id.org/dsv#externalDocumentation",
          "description": {
            "en": "Link to an external documentation of this resource. Profiles of this resource should preferably link to this URL for documentation."
          },
          "descriptionFromProfiled": "https://w3id.org/dsv#externalDocumentation",
          "iri": "Profile.externalDocumentation",
          "cardinality": [
            0,
            1
          ],
          "usageNote": {},
          "usageNoteFromProfiled": null,
          "profiling": [
            "https://w3id.org/dsv#externalDocumentation"
          ],
          "externalDocumentationUrl": null,
          "tags": [],
          "concept": "tvz8iufev8om9b8cjnu"
        }
      ],
      "id": "ag8sw4gzotbm9gzof6q",
      "type": [
        "relationship-profile"
      ]
    }
  }
}