{
  "identifier": "80bb66a5-4182-4250-90c2-90b7f0b05a7b",
  "version": 1,
  "type": "http://dataspecer.com/resources/local/visual-model",
  "entities": [
    {
      "identifier": "80bb66a5-4182-4250-90c2-90b7f0b05a7b-model-metadata-entity",
      "type": [
        "entity-model-type"
      ],
      "label": {
        "en": "View for Data Specification Vocabulary - Default Application Profile (DSV-DAP)"
      }
    },
    {
      "type": [
        "http://dataspecer.com/resources/local/visual-model"
      ],
      "representedModel": "7d081002-a1e3-42a0-aaf8-712d8d19a677",
      "color": "#b8a3d3",
      "identifier": "9ky02"
    },
    {
      "type": [
        "http://dataspecer.com/resources/local/visual-model"
      ],
      "representedModel": "i254ag",
      "color": "#ffd670",
      "identifier": "5y4kt"
    },
    {
      "model": "7d081002-a1e3-42a0-aaf8-712d8d19a677",
      "representedEntity": "jko38yoe91dm9a0ggpt",
      "position": {
        "x": 950,
        "y": 410
      },
      "content": [],
      "visualModels": [],
      "type": [
        "visual-node"
      ],
      "identifier": "08z4e"
    },
    {
      "model": "7d081002-a1e3-42a0-aaf8-712d8d19a677",
      "representedEntity": "qc1s3rxg6zm9a0gvwg",
      "position": {
        "x": 970,
        "y": 20
      },
      "content": [],
      "visualModels": [],
      "type": [
        "visual-node"
      ],
      "identifier": "y939l"
    },
    {
      "model": "7d081002-a1e3-42a0-aaf8-712d8d19a677",
      "representedEntity": "lswxg3d561m9a0om2n",
      "position": {
        "x": 790,
        "y": 190
      },
      "content": [
        "yfv4ehx9oepma3qsn04",
        "fv1nb1mgdoma3qxob6"
      ],
      "visualModels": [],
      "type": [
        "visual-node"
      ],
      "identifier": "nf4cmh"
    },
    {
      "model": "7d081002-a1e3-42a0-aaf8-712d8d19a677",
      "representedRelationship": "zggafij32fnm9a0orqh",
      "waypoints": [],
      "visualSource": "08z4e",
      "visualTarget": "nf4cmh",
      "type": [
        "visual-relationship"
      ],
      "identifier": "dw4vil"
    },
    {
      "model": "7d081002-a1e3-42a0-aaf8-712d8d19a677",
      "representedRelationship": "d5m5unfmviim9a0otmw",
      "waypoints": [],
      "visualSource": "y939l",
      "visualTarget": "nf4cmh",
      "type": [
        "visual-relationship"
      ],
      "identifier": "cywm7"
    },
    {
      "model": "7d081002-a1e3-42a0-aaf8-712d8d19a677",
      "representedEntity": "rlr78ikehlm9a12990",
      "position": {
        "x": 220,
        "y": 190
      },
      "content": [],
      "visualModels": [],
      "type": [
        "visual-node"
      ],
      "identifier": "i4ip2l"
    },
    {
      "model": "7d081002-a1e3-42a0-aaf8-712d8d19a677",
      "representedRelationship": "l6eq8h11pm8m9a1hnml",
      "waypoints": [
        {
          "x": 860,
          "y": 420,
          "anchored": null
        }
      ],
      "visualSource": "08z4e",
      "visualTarget": "nf4cmh",
      "type": [
        "visual-relationship"
      ],
      "identifier": "3920x"
    },
    {
      "model": "7d081002-a1e3-42a0-aaf8-712d8d19a677",
      "representedEntity": "z874re82f2cm9b8b626",
      "position": {
        "x": -170,
        "y": 620
      },
      "content": [],
      "visualModels": [],
      "type": [
        "visual-node"
      ],
      "identifier": "at9mnj"
    },
    {
      "model": "7d081002-a1e3-42a0-aaf8-712d8d19a677",
      "representedEntity": "v7l54rgxqvm9b8behh",
      "position": {
        "x": 390,
        "y": 620
      },
      "content": [
        "da4we6hwj7ma3jcxq5",
        "up3pe80nk4ma3je9y4",
        "7aj73gdqhiima3jewxj",
        "ag8sw4gzotbm9gzof6q"
      ],
      "visualModels": [],
      "type": [
        "visual-node"
      ],
      "identifier": "6gk5f"
    },
    {
      "model": "7d081002-a1e3-42a0-aaf8-712d8d19a677",
      "representedEntity": "3nhmuufrnyam9b8bmtk",
      "position": {
        "x": 1020,
        "y": 620
      },
      "content": [
        "xwtbvmzhmdm9bcz4ke"
      ],
      "visualModels": [],
      "type": [
        "visual-node"
      ],
      "identifier": "feod8h"
    },
    {
      "model": "7d081002-a1e3-42a0-aaf8-712d8d19a677",
      "representedEntity": "il9wsqvdgdm9b8burt",
      "position": {
        "x": 830,
        "y": 930
      },
      "content": [
        "r72m8dj68opm9baznyj",
        "hsofzyoa5hom9bczivl"
      ],
      "visualModels": [],
      "type": [
        "visual-node"
      ],
      "identifier": "bfr3y"
    },
    {
      "model": "7d081002-a1e3-42a0-aaf8-712d8d19a677",
      "representedEntity": "8bhnp19vz5cm9b8byba",
      "position": {
        "x": 1250,
        "y": 1000
      },
      "content": [],
      "visualModels": [],
      "type": [
        "visual-node"
      ],
      "identifier": "g02g9"
    },
    {
      "model": "7d081002-a1e3-42a0-aaf8-712d8d19a677",
      "representedEntity": "wwj111un1ram9b8c05a",
      "position": {
        "x": 1600,
        "y": 910
      },
      "content": [],
      "visualModels": [],
      "type": [
        "visual-node"
      ],
      "identifier": "27hxc"
    },
    {
      "model": "7d081002-a1e3-42a0-aaf8-712d8d19a677",
      "representedEntity": "qglj98hu1cpm9b8casu",
      "position": {
        "x": 480,
        "y": 1210
      },
      "content": [
        "wujaicucctom9b8ti9y"
      ],
      "visualModels": [],
      "type": [
        "visual-node"
      ],
      "identifier": "sqhbv"
    },
    {
      "model": "7d081002-a1e3-42a0-aaf8-712d8d19a677",
      "representedEntity": "tvz8iufev8om9b8cjnu",
      "position": {
        "x": -70,
        "y": 1210
      },
      "content": [],
      "visualModels": [],
      "type": [
        "visual-node"
      ],
      "identifier": "fowpr"
    },
    {
      "model": "7d081002-a1e3-42a0-aaf8-712d8d19a677",
      "representedEntity": "knlt7a6jurfm9b8dshe",
      "position": {
        "x": 330,
        "y": 850
      },
      "content": [],
      "visualModels": [],
      "type": [
        "visual-node"
      ],
      "identifier": "7hvud"
    },
    {
      "model": "7d081002-a1e3-42a0-aaf8-712d8d19a677",
      "representedRelationship": "gsd1arzjksrm9b8dwwa",
      "waypoints": [],
      "visualSource": "7hvud",
      "visualTarget": "6gk5f",
      "type": [
        "visual-relationship"
      ],
      "identifier": "h2m8r"
    },
    {
      "model": "7d081002-a1e3-42a0-aaf8-712d8d19a677",
      "representedRelationship": "44e1ttt3nm2m9b8e3a2",
      "waypoints": [],
      "visualSource": "feod8h",
      "visualTarget": "6gk5f",
      "type": [
        "visual-relationship"
      ],
      "identifier": "xn72f"
    },
    {
      "model": "7d081002-a1e3-42a0-aaf8-712d8d19a677",
      "representedRelationship": "7a1kp7i2s7wm9b8e5as",
      "waypoints": [],
      "visualSource": "bfr3y",
      "visualTarget": "6gk5f",
      "type": [
        "visual-relationship"
      ],
      "identifier": "9bigc"
    },
    {
      "model": "7d081002-a1e3-42a0-aaf8-712d8d19a677",
      "representedEntity": "z8b7pjl5uyem9b8d78b",
      "position": {
        "x": 1490,
        "y": 540
      },
      "content": [],
      "visualModels": [],
      "type": [
        "visual-node"
      ],
      "identifier": "offz2"
    },
    {
      "model": "7d081002-a1e3-42a0-aaf8-712d8d19a677",
      "representedEntity": "e5zswl7sro5m9b8d3a2",
      "position": {
        "x": 1440,
        "y": 380
      },
      "content": [],
      "visualModels": [],
      "type": [
        "visual-node"
      ],
      "identifier": "to2x3"
    },
    {
      "model": "7d081002-a1e3-42a0-aaf8-712d8d19a677",
      "representedRelationship": "umqvmhv89mbm9b8h5za",
      "waypoints": [
        {
          "x": 1070,
          "y": 1160,
          "anchored": null
        },
        {
          "x": 2020,
          "y": 1160,
          "anchored": null
        },
        {
          "x": 2020,
          "y": 430,
          "anchored": null
        }
      ],
      "visualSource": "bfr3y",
      "visualTarget": "to2x3",
      "type": [
        "visual-relationship"
      ],
      "identifier": "aepd3g"
    },
    {
      "model": "7d081002-a1e3-42a0-aaf8-712d8d19a677",
      "representedRelationship": "sf4wr0x2n1m9b8honk",
      "waypoints": [],
      "visualSource": "g02g9",
      "visualTarget": "bfr3y",
      "type": [
        "visual-relationship"
      ],
      "identifier": "pjsz3"
    },
    {
      "model": "7d081002-a1e3-42a0-aaf8-712d8d19a677",
      "representedRelationship": "ouzc27b12omm9b8hqem",
      "waypoints": [],
      "visualSource": "27hxc",
      "visualTarget": "bfr3y",
      "type": [
        "visual-relationship"
      ],
      "identifier": "ambmv"
    },
    {
      "model": "7d081002-a1e3-42a0-aaf8-712d8d19a677",
      "representedEntity": "l5pouepxoedm9b8hzn7",
      "position": {
        "x": 1620,
        "y": 690
      },
      "content": [],
      "visualModels": [],
      "type": [
        "visual-node"
      ],
      "identifier": "4m61x"
    },
    {
      "model": "7d081002-a1e3-42a0-aaf8-712d8d19a677",
      "representedRelationship": "lzdeaede09im9b8ivqt",
      "waypoints": [],
      "visualSource": "27hxc",
      "visualTarget": "4m61x",
      "type": [
        "visual-relationship"
      ],
      "identifier": "scl4e"
    },
    {
      "model": "7d081002-a1e3-42a0-aaf8-712d8d19a677",
      "representedRelationship": "grpl6njksn8m9b8khx6",
      "waypoints": [],
      "visualSource": "g02g9",
      "visualTarget": "feod8h",
      "type": [
        "visual-relationship"
      ],
      "identifier": "qmfny"
    },
    {
      "model": "7d081002-a1e3-42a0-aaf8-712d8d19a677",
      "representedRelationship": "lv4zjq4qisjm9b8l42p",
      "waypoints": [],
      "visualSource": "bfr3y",
      "visualTarget": "feod8h",
      "type": [
        "visual-relationship"
      ],
      "identifier": "cm5bu"
    },
    {
      "model": "7d081002-a1e3-42a0-aaf8-712d8d19a677",
      "representedRelationship": "4867fi1umr6m9b8su8d",
      "waypoints": [],
      "visualSource": "sqhbv",
      "visualTarget": "fowpr",
      "type": [
        "visual-relationship"
      ],
      "identifier": "mccku"
    },
    {
      "model": "7d081002-a1e3-42a0-aaf8-712d8d19a677",
      "representedRelationship": "cadn0jvba7am9b8u4fj",
      "waypoints": [],
      "visualSource": "6gk5f",
      "visualTarget": "sqhbv",
      "type": [
        "visual-relationship"
      ],
      "identifier": "fqkjt"
    },
    {
      "model": "7d081002-a1e3-42a0-aaf8-712d8d19a677",
      "representedRelationship": "mjk98um4otmm9b99i37",
      "waypoints": [
        {
          "x": 800,
          "y": 490
        },
        {
          "x": 750,
          "y": 490
        }
      ],
      "visualSource": "6gk5f",
      "visualTarget": "6gk5f",
      "type": [
        "visual-relationship"
      ],
      "identifier": "hv92z"
    },
    {
      "model": "7d081002-a1e3-42a0-aaf8-712d8d19a677",
      "representedRelationship": "b4ikdryjid9m9b9bpqb",
      "waypoints": [
        {
          "x": 0,
          "y": 450,
          "anchored": null
        }
      ],
      "visualSource": "08z4e",
      "visualTarget": "at9mnj",
      "type": [
        "visual-relationship"
      ],
      "identifier": "2s8cb"
    },
    {
      "model": "7d081002-a1e3-42a0-aaf8-712d8d19a677",
      "representedRelationship": "onhyv5ni1im9b9cd1u",
      "waypoints": [],
      "visualSource": "feod8h",
      "visualTarget": "offz2",
      "type": [
        "visual-relationship"
      ],
      "identifier": "cvxtc"
    },
    {
      "model": "7d081002-a1e3-42a0-aaf8-712d8d19a677",
      "representedRelationship": "bup3mcoh5jwm9b9divo",
      "waypoints": [
        {
          "x": 660,
          "y": 490
        },
        {
          "x": 600,
          "y": 490
        }
      ],
      "visualSource": "6gk5f",
      "visualTarget": "6gk5f",
      "type": [
        "visual-relationship"
      ],
      "identifier": "gqkxj"
    },
    {
      "model": "7d081002-a1e3-42a0-aaf8-712d8d19a677",
      "representedRelationship": "nvpzury2ldm9ba04an",
      "waypoints": [
        {
          "x": 910,
          "y": 90
        },
        {
          "x": 820,
          "y": 90
        }
      ],
      "visualSource": "nf4cmh",
      "visualTarget": "nf4cmh",
      "type": [
        "visual-relationship"
      ],
      "identifier": "usvzvi"
    },
    {
      "model": "7d081002-a1e3-42a0-aaf8-712d8d19a677",
      "representedRelationship": "r53gp22u95qm9gu4o1p",
      "waypoints": [],
      "visualSource": "nf4cmh",
      "visualTarget": "i4ip2l",
      "type": [
        "visual-relationship"
      ],
      "identifier": "2aqca"
    },
    {
      "type": [
        "http://dataspecer.com/resources/local/visual-model"
      ],
      "representedModel": "b32f4b80-78cc-4bc8-82a7-bbfeb2495360/2ed6fae1-e152-47a9-8259-0b4ebfc35173/a499a6cb-70f6-4fb5-a97a-7e9b37c504e0",
      "color": "#92bcea",
      "identifier": "t8ad3"
    },
    {
      "type": [
        "http://dataspecer.com/resources/local/visual-model"
      ],
      "representedModel": "b32f4b80-78cc-4bc8-82a7-bbfeb2495360/2ed6fae1-e152-47a9-8259-0b4ebfc35173/6316f226-7f04-4ef6-8f8d-53a29202de91",
      "color": "#8fab5c",
      "identifier": "wi44e"
    },
    {
      "type": [
        "http://dataspecer.com/resources/local/visual-model"
      ],
      "representedModel": "b32f4b80-78cc-4bc8-82a7-bbfeb2495360/2ed6fae1-e152-47a9-8259-0b4ebfc35173/2d9819d2-828e-4339-85c7-2d72cf68c98d",
      "color": "#ff70a6",
      "identifier": "170fg"
    },
    {
      "type": [
        "http://dataspecer.com/resources/local/visual-model"
      ],
      "representedModel": "b32f4b80-78cc-4bc8-82a7-bbfeb2495360/2ed6fae1-e152-47a9-8259-0b4ebfc35173/76022a5d-6a89-43ec-8de7-50a19a3e670a",
      "color": "#92bcea",
      "identifier": "bu1mv"
    },
    {
      "type": [
        "http://dataspecer.com/resources/local/visual-model"
      ],
      "representedModel": "b32f4b80-78cc-4bc8-82a7-bbfeb2495360/2ed6fae1-e152-47a9-8259-0b4ebfc35173/5044a4d2-87ca-4688-a2ca-084d54863870",
      "color": "#ff848b",
      "identifier": "ozni8"
    },
    {
      "type": [
        "http://dataspecer.com/resources/local/visual-model"
      ],
      "representedModel": "b32f4b80-78cc-4bc8-82a7-bbfeb2495360/2ed6fae1-e152-47a9-8259-0b4ebfc35173/14b6e8e4-9399-4b7a-b932-513bc9f68f45",
      "color": "#4dc9ab",
      "identifier": "hfsrz"
    },
    {
      "type": [
        "http://dataspecer.com/resources/local/visual-model"
      ],
      "representedModel": "b32f4b80-78cc-4bc8-82a7-bbfeb2495360/2ed6fae1-e152-47a9-8259-0b4ebfc35173/vocabulary",
      "color": "#e63462",
      "identifier": "9njuw"
    },
    {
      "model": "7d081002-a1e3-42a0-aaf8-712d8d19a677",
      "representedRelationship": "47ys7v2p17ym9b97rh9",
      "waypoints": [],
      "visualSource": "6gk5f",
      "visualTarget": "at9mnj",
      "type": [
        "visual-relationship"
      ],
      "identifier": "d2mx8"
    },
    {
      "model": "7d081002-a1e3-42a0-aaf8-712d8d19a677",
      "representedRelationship": "tuz56hxcgqlm9b8gnak",
      "waypoints": [
        {
          "x": 1710,
          "y": 40,
          "anchored": null
        }
      ],
      "visualSource": "offz2",
      "visualTarget": "y939l",
      "type": [
        "visual-relationship"
      ],
      "identifier": "l41c4"
    },
    {
      "model": "7d081002-a1e3-42a0-aaf8-712d8d19a677",
      "representedRelationship": "5togoue50q9m9b8gdfk",
      "waypoints": [
        {
          "x": 1630,
          "y": 90,
          "anchored": null
        }
      ],
      "visualSource": "to2x3",
      "visualTarget": "y939l",
      "type": [
        "visual-relationship"
      ],
      "identifier": "2qq9zf"
    }
  ]
}