{
  "iri": "80bb66a5-4182-4250-90c2-90b7f0b05a7b",
  "types": [
    "http://dataspecer.com/resources/local/visual-model"
  ],
  "userMetadata": {
    "label": {
      "en": "View for Data Specification Vocabulary - Default Application Profile (DSV-DAP)"
    },
    "description": {
      "en": "View model for the profile"
    }
  },
  "metadata": {
    "creationDate": "2025-04-09T14:05:48.532Z",
    "modificationDate": "2025-04-14T11:30:38.101Z"
  },
  "_version": 1,
  "_exportVersion": 1,
  "_exportedAt": "2025-04-14T11:30:50.831Z",
  "_exportedBy": "http://localhost:3100"
}