{
  "identifier": "80bb66a5-4182-4250-90c2-90b7f0b05a7b",
  "version": 1,
  "type": "http://dataspecer.com/resources/local/visual-model",
  "entities": [
    {
      "identifier": "80bb66a5-4182-4250-90c2-90b7f0b05a7b-model-metadata-entity",
      "type": [
        "entity-model-type"
      ],
      "label": {
        "en": "View for Data Specification Vocabulary - Default Application Profile (DSV-DAP)"
      }
    },
    {
      "type": [
        "http://dataspecer.com/resources/local/visual-model"
      ],
      "representedModel": "7d081002-a1e3-42a0-aaf8-712d8d19a677",
      "color": "#b8a3d3",
      "identifier": "9ky02"
    },
    {
      "type": [
        "http://dataspecer.com/resources/local/visual-model"
      ],
      "representedModel": "b32f4b80-78cc-4bc8-82a7-bbfeb2495360/22f2c553-8dea-431b-9646-b117cb2d5bc8/6ca2d843-4691-48a9-bb42-daef8ba71d5a",
      "color": "#ffd670",
      "identifier": "1ethk"
    },
    {
      "type": [
        "http://dataspecer.com/resources/local/visual-model"
      ],
      "representedModel": "b32f4b80-78cc-4bc8-82a7-bbfeb2495360/22f2c553-8dea-431b-9646-b117cb2d5bc8/5859b565-5d7b-404b-b813-6e51aa64a3f1",
      "color": "#92bcea",
      "identifier": "df6pd"
    },
    {
      "type": [
        "http://dataspecer.com/resources/local/visual-model"
      ],
      "representedModel": "b32f4b80-78cc-4bc8-82a7-bbfeb2495360/22f2c553-8dea-431b-9646-b117cb2d5bc8/ac75bbd6-c4f9-4340-b399-2a2435e48fc9",
      "color": "#ff70a6",
      "identifier": "sthvs"
    },
    {
      "type": [
        "http://dataspecer.com/resources/local/visual-model"
      ],
      "representedModel": "b32f4b80-78cc-4bc8-82a7-bbfeb2495360/22f2c553-8dea-431b-9646-b117cb2d5bc8/46508784-7380-4b86-ab39-5bed95eb42d2",
      "color": "#b8a3d3",
      "identifier": "ghm1u"
    },
    {
      "type": [
        "http://dataspecer.com/resources/local/visual-model"
      ],
      "representedModel": "b32f4b80-78cc-4bc8-82a7-bbfeb2495360/22f2c553-8dea-431b-9646-b117cb2d5bc8/b068f0ca-3c1f-4912-869f-5d5f9e4464f4",
      "color": "#70d6ff",
      "identifier": "5wnw4k"
    },
    {
      "type": [
        "http://dataspecer.com/resources/local/visual-model"
      ],
      "representedModel": "b32f4b80-78cc-4bc8-82a7-bbfeb2495360/22f2c553-8dea-431b-9646-b117cb2d5bc8/vocabulary",
      "color": "#b4e33d",
      "identifier": "ih4pv"
    },
    {
      "type": [
        "http://dataspecer.com/resources/local/visual-model"
      ],
      "representedModel": "i254ag",
      "color": "#ffd670",
      "identifier": "5y4kt"
    },
    {
      "model": "7d081002-a1e3-42a0-aaf8-712d8d19a677",
      "representedEntity": "jko38yoe91dm9a0ggpt",
      "position": {
        "x": 950,
        "y": 410
      },
      "content": [],
      "visualModels": [],
      "type": [
        "visual-node"
      ],
      "identifier": "08z4e"
    },
    {
      "model": "7d081002-a1e3-42a0-aaf8-712d8d19a677",
      "representedEntity": "qc1s3rxg6zm9a0gvwg",
      "position": {
        "x": 970,
        "y": 20
      },
      "content": [],
      "visualModels": [],
      "type": [
        "visual-node"
      ],
      "identifier": "y939l"
    },
    {
      "model": "7d081002-a1e3-42a0-aaf8-712d8d19a677",
      "representedEntity": "lswxg3d561m9a0om2n",
      "position": {
        "x": 790,
        "y": 210
      },
      "content": [],
      "visualModels": [],
      "type": [
        "visual-node"
      ],
      "identifier": "nf4cmh"
    },
    {
      "model": "7d081002-a1e3-42a0-aaf8-712d8d19a677",
      "representedRelationship": "zggafij32fnm9a0orqh",
      "waypoints": [],
      "visualSource": "08z4e",
      "visualTarget": "nf4cmh",
      "type": [
        "visual-relationship"
      ],
      "identifier": "dw4vil"
    },
    {
      "model": "7d081002-a1e3-42a0-aaf8-712d8d19a677",
      "representedRelationship": "d5m5unfmviim9a0otmw",
      "waypoints": [],
      "visualSource": "y939l",
      "visualTarget": "nf4cmh",
      "type": [
        "visual-relationship"
      ],
      "identifier": "cywm7"
    },
    {
      "model": "7d081002-a1e3-42a0-aaf8-712d8d19a677",
      "representedEntity": "rlr78ikehlm9a12990",
      "position": {
        "x": 230,
        "y": 210
      },
      "content": [],
      "visualModels": [],
      "type": [
        "visual-node"
      ],
      "identifier": "i4ip2l"
    },
    {
      "model": "7d081002-a1e3-42a0-aaf8-712d8d19a677",
      "representedRelationship": "qc2854jgb9m9a14s46",
      "waypoints": [],
      "visualSource": "nf4cmh",
      "visualTarget": "i4ip2l",
      "type": [
        "visual-relationship"
      ],
      "identifier": "6102d"
    },
    {
      "model": "7d081002-a1e3-42a0-aaf8-712d8d19a677",
      "representedRelationship": "l6eq8h11pm8m9a1hnml",
      "waypoints": [
        {
          "x": 860,
          "y": 420,
          "anchored": null
        }
      ],
      "visualSource": "08z4e",
      "visualTarget": "nf4cmh",
      "type": [
        "visual-relationship"
      ],
      "identifier": "3920x"
    },
    {
      "model": "7d081002-a1e3-42a0-aaf8-712d8d19a677",
      "representedEntity": "z874re82f2cm9b8b626",
      "position": {
        "x": 30,
        "y": 620
      },
      "content": [],
      "visualModels": [],
      "type": [
        "visual-node"
      ],
      "identifier": "at9mnj"
    },
    {
      "model": "7d081002-a1e3-42a0-aaf8-712d8d19a677",
      "representedEntity": "v7l54rgxqvm9b8behh",
      "position": {
        "x": 590,
        "y": 620
      },
      "content": [],
      "visualModels": [],
      "type": [
        "visual-node"
      ],
      "identifier": "6gk5f"
    },
    {
      "model": "7d081002-a1e3-42a0-aaf8-712d8d19a677",
      "representedEntity": "3nhmuufrnyam9b8bmtk",
      "position": {
        "x": 970,
        "y": 670
      },
      "content": [],
      "visualModels": [],
      "type": [
        "visual-node"
      ],
      "identifier": "feod8h"
    },
    {
      "model": "7d081002-a1e3-42a0-aaf8-712d8d19a677",
      "representedEntity": "il9wsqvdgdm9b8burt",
      "position": {
        "x": 840,
        "y": 930
      },
      "content": [
        "r72m8dj68opm9baznyj"
      ],
      "visualModels": [],
      "type": [
        "visual-node"
      ],
      "identifier": "bfr3y"
    },
    {
      "model": "7d081002-a1e3-42a0-aaf8-712d8d19a677",
      "representedEntity": "8bhnp19vz5cm9b8byba",
      "position": {
        "x": 1230,
        "y": 990
      },
      "content": [],
      "visualModels": [],
      "type": [
        "visual-node"
      ],
      "identifier": "g02g9"
    },
    {
      "model": "7d081002-a1e3-42a0-aaf8-712d8d19a677",
      "representedEntity": "wwj111un1ram9b8c05a",
      "position": {
        "x": 1600,
        "y": 910
      },
      "content": [],
      "visualModels": [],
      "type": [
        "visual-node"
      ],
      "identifier": "27hxc"
    },
    {
      "model": "7d081002-a1e3-42a0-aaf8-712d8d19a677",
      "representedEntity": "qglj98hu1cpm9b8casu",
      "position": {
        "x": 480,
        "y": 1210
      },
      "content": [
        "wujaicucctom9b8ti9y"
      ],
      "visualModels": [],
      "type": [
        "visual-node"
      ],
      "identifier": "sqhbv"
    },
    {
      "model": "7d081002-a1e3-42a0-aaf8-712d8d19a677",
      "representedEntity": "tvz8iufev8om9b8cjnu",
      "position": {
        "x": -70,
        "y": 1210
      },
      "content": [],
      "visualModels": [],
      "type": [
        "visual-node"
      ],
      "identifier": "fowpr"
    },
    {
      "model": "7d081002-a1e3-42a0-aaf8-712d8d19a677",
      "representedEntity": "v7l54rgxqvm9b8behh",
      "position": {
        "x": 30,
        "y": 1060
      },
      "content": [],
      "visualModels": [],
      "type": [
        "visual-node"
      ],
      "identifier": "8vze2"
    },
    {
      "model": "7d081002-a1e3-42a0-aaf8-712d8d19a677",
      "representedEntity": "e5zswl7sro5m9b8d3a2",
      "position": {
        "x": -190,
        "y": 900
      },
      "content": [],
      "visualModels": [],
      "type": [
        "visual-node"
      ],
      "identifier": "bcaot"
    },
    {
      "model": "7d081002-a1e3-42a0-aaf8-712d8d19a677",
      "representedEntity": "z8b7pjl5uyem9b8d78b",
      "position": {
        "x": -270,
        "y": 1050
      },
      "content": [],
      "visualModels": [],
      "type": [
        "visual-node"
      ],
      "identifier": "ymu8o"
    },
    {
      "model": "7d081002-a1e3-42a0-aaf8-712d8d19a677",
      "representedRelationship": "21ow0uhseq3m9b8dh72",
      "waypoints": [],
      "visualSource": "ymu8o",
      "visualTarget": "fowpr",
      "type": [
        "visual-relationship"
      ],
      "identifier": "5zcwr"
    },
    {
      "model": "7d081002-a1e3-42a0-aaf8-712d8d19a677",
      "representedRelationship": "rhif9caeb1rm9b8divo",
      "waypoints": [],
      "visualSource": "8vze2",
      "visualTarget": "fowpr",
      "type": [
        "visual-relationship"
      ],
      "identifier": "sr03j"
    },
    {
      "model": "7d081002-a1e3-42a0-aaf8-712d8d19a677",
      "representedRelationship": "c159j1thzbsm9b8dl78",
      "waypoints": [],
      "visualSource": "bcaot",
      "visualTarget": "fowpr",
      "type": [
        "visual-relationship"
      ],
      "identifier": "roeyj"
    },
    {
      "model": "7d081002-a1e3-42a0-aaf8-712d8d19a677",
      "representedEntity": "knlt7a6jurfm9b8dshe",
      "position": {
        "x": 390,
        "y": 800
      },
      "content": [],
      "visualModels": [],
      "type": [
        "visual-node"
      ],
      "identifier": "7hvud"
    },
    {
      "model": "7d081002-a1e3-42a0-aaf8-712d8d19a677",
      "representedRelationship": "gsd1arzjksrm9b8dwwa",
      "waypoints": [],
      "visualSource": "7hvud",
      "visualTarget": "6gk5f",
      "type": [
        "visual-relationship"
      ],
      "identifier": "h2m8r"
    },
    {
      "model": "7d081002-a1e3-42a0-aaf8-712d8d19a677",
      "representedRelationship": "44e1ttt3nm2m9b8e3a2",
      "waypoints": [],
      "visualSource": "feod8h",
      "visualTarget": "6gk5f",
      "type": [
        "visual-relationship"
      ],
      "identifier": "xn72f"
    },
    {
      "model": "7d081002-a1e3-42a0-aaf8-712d8d19a677",
      "representedRelationship": "7a1kp7i2s7wm9b8e5as",
      "waypoints": [],
      "visualSource": "bfr3y",
      "visualTarget": "6gk5f",
      "type": [
        "visual-relationship"
      ],
      "identifier": "9bigc"
    },
    {
      "model": "7d081002-a1e3-42a0-aaf8-712d8d19a677",
      "representedEntity": "z8b7pjl5uyem9b8d78b",
      "position": {
        "x": 1460,
        "y": 540
      },
      "content": [],
      "visualModels": [],
      "type": [
        "visual-node"
      ],
      "identifier": "offz2"
    },
    {
      "model": "7d081002-a1e3-42a0-aaf8-712d8d19a677",
      "representedRelationship": "21ow0uhseq3m9b8dh72",
      "waypoints": [],
      "visualSource": "offz2",
      "visualTarget": "fowpr",
      "type": [
        "visual-relationship"
      ],
      "identifier": "9llet"
    },
    {
      "model": "7d081002-a1e3-42a0-aaf8-712d8d19a677",
      "representedEntity": "e5zswl7sro5m9b8d3a2",
      "position": {
        "x": 1440,
        "y": 380
      },
      "content": [],
      "visualModels": [],
      "type": [
        "visual-node"
      ],
      "identifier": "to2x3"
    },
    {
      "model": "7d081002-a1e3-42a0-aaf8-712d8d19a677",
      "representedRelationship": "c159j1thzbsm9b8dl78",
      "waypoints": [],
      "visualSource": "to2x3",
      "visualTarget": "fowpr",
      "type": [
        "visual-relationship"
      ],
      "identifier": "6suly"
    },
    {
      "model": "7d081002-a1e3-42a0-aaf8-712d8d19a677",
      "representedRelationship": "5togoue50q9m9b8gdfk",
      "waypoints": [
        {
          "x": 1530,
          "y": 70,
          "anchored": null
        }
      ],
      "visualSource": "to2x3",
      "visualTarget": "y939l",
      "type": [
        "visual-relationship"
      ],
      "identifier": "8eav9"
    },
    {
      "model": "7d081002-a1e3-42a0-aaf8-712d8d19a677",
      "representedRelationship": "tuz56hxcgqlm9b8gnak",
      "waypoints": [
        {
          "x": 1880,
          "y": 600,
          "anchored": null
        },
        {
          "x": 1880,
          "y": 40,
          "anchored": null
        }
      ],
      "visualSource": "offz2",
      "visualTarget": "y939l",
      "type": [
        "visual-relationship"
      ],
      "identifier": "fbkr4g"
    },
    {
      "model": "7d081002-a1e3-42a0-aaf8-712d8d19a677",
      "representedRelationship": "umqvmhv89mbm9b8h5za",
      "waypoints": [
        {
          "x": 1070,
          "y": 1160,
          "anchored": null
        },
        {
          "x": 2020,
          "y": 1160,
          "anchored": null
        },
        {
          "x": 2020,
          "y": 430,
          "anchored": null
        }
      ],
      "visualSource": "bfr3y",
      "visualTarget": "to2x3",
      "type": [
        "visual-relationship"
      ],
      "identifier": "aepd3g"
    },
    {
      "model": "7d081002-a1e3-42a0-aaf8-712d8d19a677",
      "representedRelationship": "sf4wr0x2n1m9b8honk",
      "waypoints": [],
      "visualSource": "g02g9",
      "visualTarget": "bfr3y",
      "type": [
        "visual-relationship"
      ],
      "identifier": "pjsz3"
    },
    {
      "model": "7d081002-a1e3-42a0-aaf8-712d8d19a677",
      "representedRelationship": "ouzc27b12omm9b8hqem",
      "waypoints": [],
      "visualSource": "27hxc",
      "visualTarget": "bfr3y",
      "type": [
        "visual-relationship"
      ],
      "identifier": "ambmv"
    },
    {
      "model": "7d081002-a1e3-42a0-aaf8-712d8d19a677",
      "representedEntity": "l5pouepxoedm9b8hzn7",
      "position": {
        "x": 1620,
        "y": 690
      },
      "content": [],
      "visualModels": [],
      "type": [
        "visual-node"
      ],
      "identifier": "4m61x"
    },
    {
      "model": "7d081002-a1e3-42a0-aaf8-712d8d19a677",
      "representedRelationship": "lzdeaede09im9b8ivqt",
      "waypoints": [],
      "visualSource": "27hxc",
      "visualTarget": "4m61x",
      "type": [
        "visual-relationship"
      ],
      "identifier": "scl4e"
    },
    {
      "model": "7d081002-a1e3-42a0-aaf8-712d8d19a677",
      "representedRelationship": "grpl6njksn8m9b8khx6",
      "waypoints": [],
      "visualSource": "g02g9",
      "visualTarget": "feod8h",
      "type": [
        "visual-relationship"
      ],
      "identifier": "qmfny"
    },
    {
      "model": "7d081002-a1e3-42a0-aaf8-712d8d19a677",
      "representedRelationship": "lv4zjq4qisjm9b8l42p",
      "waypoints": [],
      "visualSource": "bfr3y",
      "visualTarget": "feod8h",
      "type": [
        "visual-relationship"
      ],
      "identifier": "cm5bu"
    },
    {
      "model": "7d081002-a1e3-42a0-aaf8-712d8d19a677",
      "representedRelationship": "4867fi1umr6m9b8su8d",
      "waypoints": [],
      "visualSource": "sqhbv",
      "visualTarget": "fowpr",
      "type": [
        "visual-relationship"
      ],
      "identifier": "mccku"
    },
    {
      "model": "7d081002-a1e3-42a0-aaf8-712d8d19a677",
      "representedRelationship": "cadn0jvba7am9b8u4fj",
      "waypoints": [],
      "visualSource": "6gk5f",
      "visualTarget": "sqhbv",
      "type": [
        "visual-relationship"
      ],
      "identifier": "fqkjt"
    },
    {
      "model": "7d081002-a1e3-42a0-aaf8-712d8d19a677",
      "representedRelationship": "47ys7v2p17ym9b97rh9",
      "waypoints": [],
      "visualSource": "6gk5f",
      "visualTarget": "at9mnj",
      "type": [
        "visual-relationship"
      ],
      "identifier": "nqvwc"
    },
    {
      "model": "7d081002-a1e3-42a0-aaf8-712d8d19a677",
      "representedRelationship": "mjk98um4otmm9b99i37",
      "waypoints": [
        {
          "x": 800,
          "y": 490
        },
        {
          "x": 750,
          "y": 490
        }
      ],
      "visualSource": "6gk5f",
      "visualTarget": "6gk5f",
      "type": [
        "visual-relationship"
      ],
      "identifier": "hv92z"
    },
    {
      "model": "7d081002-a1e3-42a0-aaf8-712d8d19a677",
      "representedRelationship": "b4ikdryjid9m9b9bpqb",
      "waypoints": [
        {
          "x": 190,
          "y": 440,
          "anchored": null
        }
      ],
      "visualSource": "08z4e",
      "visualTarget": "at9mnj",
      "type": [
        "visual-relationship"
      ],
      "identifier": "2s8cb"
    },
    {
      "model": "7d081002-a1e3-42a0-aaf8-712d8d19a677",
      "representedRelationship": "onhyv5ni1im9b9cd1u",
      "waypoints": [],
      "visualSource": "feod8h",
      "visualTarget": "offz2",
      "type": [
        "visual-relationship"
      ],
      "identifier": "cvxtc"
    },
    {
      "model": "7d081002-a1e3-42a0-aaf8-712d8d19a677",
      "representedRelationship": "bup3mcoh5jwm9b9divo",
      "waypoints": [
        {
          "x": 660,
          "y": 490
        },
        {
          "x": 600,
          "y": 490
        }
      ],
      "visualSource": "6gk5f",
      "visualTarget": "6gk5f",
      "type": [
        "visual-relationship"
      ],
      "identifier": "gqkxj"
    },
    {
      "model": "7d081002-a1e3-42a0-aaf8-712d8d19a677",
      "representedRelationship": "nvpzury2ldm9ba04an",
      "waypoints": [
        {
          "x": 910,
          "y": 90
        },
        {
          "x": 820,
          "y": 90
        }
      ],
      "visualSource": "nf4cmh",
      "visualTarget": "nf4cmh",
      "type": [
        "visual-relationship"
      ],
      "identifier": "usvzvi"
    },
    {
      "type": [
        "http://dataspecer.com/resources/local/visual-model"
      ],
      "representedModel": "vchp5",
      "color": "#fc440f",
      "identifier": "jx5guj"
    }
  ]
}