{
  "identifier": "8dlkl",
  "version": 1,
  "type": "http://dataspecer.com/resources/local/visual-model",
  "entities": [
    {
      "type": [
        "http://dataspecer.com/resources/local/visual-model"
      ],
      "representedModel": "7d081002-a1e3-42a0-aaf8-712d8d19a677",
      "color": "#b8a3d3",
      "identifier": "z5h9n"
    },
    {
      "type": [
        "http://dataspecer.com/resources/local/visual-model"
      ],
      "representedModel": "i254ag",
      "color": "#ffd670",
      "identifier": "075p2"
    },
    {
      "type": [
        "http://dataspecer.com/resources/local/visual-model"
      ],
      "representedModel": "b32f4b80-78cc-4bc8-82a7-bbfeb2495360/5c9677d0-611c-49bd-8aa6-8d7f0912880c/vocabulary",
      "color": "#b4e33d",
      "identifier": "j6g06"
    },
    {
      "type": [
        "http://dataspecer.com/resources/local/visual-model"
      ],
      "representedModel": "b32f4b80-78cc-4bc8-82a7-bbfeb2495360/5c9677d0-611c-49bd-8aa6-8d7f0912880c/6e499939-b18f-4037-a773-5077ed48eccb",
      "color": "#ff70a6",
      "identifier": "2pi2z"
    },
    {
      "type": [
        "http://dataspecer.com/resources/local/visual-model"
      ],
      "representedModel": "b32f4b80-78cc-4bc8-82a7-bbfeb2495360/5c9677d0-611c-49bd-8aa6-8d7f0912880c/f15d2829-bd2b-429b-9285-d6812ec5091f",
      "color": "#92bcea",
      "identifier": "wibw1k"
    },
    {
      "type": [
        "http://dataspecer.com/resources/local/visual-model"
      ],
      "representedModel": "b32f4b80-78cc-4bc8-82a7-bbfeb2495360/5c9677d0-611c-49bd-8aa6-8d7f0912880c/ca39a323-4384-45b1-9011-5c3ce1c3779d",
      "color": "#ff9770",
      "identifier": "nlw8o"
    },
    {
      "type": [
        "http://dataspecer.com/resources/local/visual-model"
      ],
      "representedModel": "b32f4b80-78cc-4bc8-82a7-bbfeb2495360/5c9677d0-611c-49bd-8aa6-8d7f0912880c/d3624ea2-1117-4009-9083-65b35ddc6f48",
      "color": "#1effbc",
      "identifier": "lror1"
    },
    {
      "type": [
        "http://dataspecer.com/resources/local/visual-model"
      ],
      "representedModel": "b32f4b80-78cc-4bc8-82a7-bbfeb2495360/5c9677d0-611c-49bd-8aa6-8d7f0912880c/6eaa9844-ae6e-4672-af00-2984dc945889",
      "color": "#fc440f",
      "identifier": "0us5eh"
    },
    {
      "type": [
        "http://dataspecer.com/resources/local/visual-model"
      ],
      "representedModel": "b32f4b80-78cc-4bc8-82a7-bbfeb2495360/5c9677d0-611c-49bd-8aa6-8d7f0912880c/59ce85c9-aa99-4a4c-92dd-248c6c6c090d",
      "color": "#d4f2d2",
      "identifier": "9utphg"
    },
    {
      "identifier": "8dlkl-model-metadata-entity",
      "type": [
        "entity-model-type"
      ],
      "label": {
        "en": "Application profile view"
      }
    },
    {
      "model": "7d081002-a1e3-42a0-aaf8-712d8d19a677",
      "representedEntity": "m8dk4ktrtuma3wupub",
      "position": {
        "x": -270,
        "y": 340
      },
      "content": [],
      "visualModels": [],
      "type": [
        "visual-node"
      ],
      "identifier": "lp39b"
    },
    {
      "model": "7d081002-a1e3-42a0-aaf8-712d8d19a677",
      "representedEntity": "iuivo4xdyrdma3wuv1t",
      "position": {
        "x": -300,
        "y": 90
      },
      "content": [],
      "visualModels": [],
      "type": [
        "visual-node"
      ],
      "identifier": "odtjvh"
    },
    {
      "model": "7d081002-a1e3-42a0-aaf8-712d8d19a677",
      "representedRelationship": "r53gp22u95qm9gu4o1p",
      "waypoints": [],
      "visualSource": "lp39b",
      "visualTarget": "odtjvh",
      "type": [
        "visual-relationship"
      ],
      "identifier": "unhm8"
    },
    {
      "model": "7d081002-a1e3-42a0-aaf8-712d8d19a677",
      "representedEntity": "3nhmuufrnyam9b8bmtk",
      "position": {
        "x": 950,
        "y": 350
      },
      "content": [
        "onhyv5ni1im9b9cd1u",
        "xwtbvmzhmdm9bcz4ke"
      ],
      "visualModels": [],
      "type": [
        "visual-node"
      ],
      "identifier": "7zzp2"
    },
    {
      "model": "7d081002-a1e3-42a0-aaf8-712d8d19a677",
      "representedEntity": "wwj111un1ram9b8c05a",
      "position": {
        "x": 1120,
        "y": 720
      },
      "content": [],
      "visualModels": [],
      "type": [
        "visual-node"
      ],
      "identifier": "oo2q5"
    },
    {
      "model": "7d081002-a1e3-42a0-aaf8-712d8d19a677",
      "representedEntity": "l5pouepxoedm9b8hzn7",
      "position": {
        "x": 1150,
        "y": 910
      },
      "content": [],
      "visualModels": [],
      "type": [
        "visual-node"
      ],
      "identifier": "96pp8"
    },
    {
      "model": "7d081002-a1e3-42a0-aaf8-712d8d19a677",
      "representedRelationship": "lzdeaede09im9b8ivqt",
      "waypoints": [],
      "visualSource": "oo2q5",
      "visualTarget": "96pp8",
      "type": [
        "visual-relationship"
      ],
      "identifier": "z0y1c"
    },
    {
      "model": "7d081002-a1e3-42a0-aaf8-712d8d19a677",
      "representedEntity": "v7l54rgxqvm9b8behh",
      "position": {
        "x": 260,
        "y": 350
      },
      "content": [
        "da4we6hwj7ma3jcxq5",
        "up3pe80nk4ma3je9y4",
        "7aj73gdqhiima3jewxj",
        "ag8sw4gzotbm9gzof6q"
      ],
      "visualModels": [],
      "type": [
        "visual-node"
      ],
      "identifier": "tnvg3"
    },
    {
      "model": "7d081002-a1e3-42a0-aaf8-712d8d19a677",
      "representedRelationship": "bup3mcoh5jwm9b9divo",
      "waypoints": [
        {
          "x": 410,
          "y": 240,
          "anchored": null
        },
        {
          "x": 310,
          "y": 240,
          "anchored": null
        }
      ],
      "visualSource": "tnvg3",
      "visualTarget": "tnvg3",
      "type": [
        "visual-relationship"
      ],
      "identifier": "p0d11"
    },
    {
      "model": "7d081002-a1e3-42a0-aaf8-712d8d19a677",
      "representedRelationship": "mjk98um4otmm9b99i37",
      "waypoints": [
        {
          "x": 670,
          "y": 240,
          "anchored": null
        },
        {
          "x": 570,
          "y": 240,
          "anchored": null
        }
      ],
      "visualSource": "tnvg3",
      "visualTarget": "tnvg3",
      "type": [
        "visual-relationship"
      ],
      "identifier": "nir69l"
    },
    {
      "model": "7d081002-a1e3-42a0-aaf8-712d8d19a677",
      "representedRelationship": "47ys7v2p17ym9b97rh9",
      "waypoints": [],
      "visualSource": "tnvg3",
      "visualTarget": "lp39b",
      "type": [
        "visual-relationship"
      ],
      "identifier": "sbip9"
    },
    {
      "model": "7d081002-a1e3-42a0-aaf8-712d8d19a677",
      "representedRelationship": "44e1ttt3nm2m9b8e3a2",
      "waypoints": [],
      "visualSource": "7zzp2",
      "visualTarget": "tnvg3",
      "type": [
        "visual-relationship"
      ],
      "identifier": "t12ow"
    },
    {
      "model": "7d081002-a1e3-42a0-aaf8-712d8d19a677",
      "representedEntity": "knlt7a6jurfm9b8dshe",
      "position": {
        "x": 320,
        "y": 80
      },
      "content": [],
      "visualModels": [],
      "type": [
        "visual-node"
      ],
      "identifier": "sxkjx"
    },
    {
      "model": "7d081002-a1e3-42a0-aaf8-712d8d19a677",
      "representedRelationship": "gsd1arzjksrm9b8dwwa",
      "waypoints": [],
      "visualSource": "sxkjx",
      "visualTarget": "tnvg3",
      "type": [
        "visual-relationship"
      ],
      "identifier": "ar01t"
    },
    {
      "model": "7d081002-a1e3-42a0-aaf8-712d8d19a677",
      "representedEntity": "8bhnp19vz5cm9b8byba",
      "position": {
        "x": 1120,
        "y": 600
      },
      "content": [],
      "visualModels": [],
      "type": [
        "visual-node"
      ],
      "identifier": "b3im1"
    },
    {
      "model": "7d081002-a1e3-42a0-aaf8-712d8d19a677",
      "representedRelationship": "grpl6njksn8m9b8khx6",
      "waypoints": [],
      "visualSource": "b3im1",
      "visualTarget": "7zzp2",
      "type": [
        "visual-relationship"
      ],
      "identifier": "zn1elk"
    },
    {
      "model": "7d081002-a1e3-42a0-aaf8-712d8d19a677",
      "representedEntity": "il9wsqvdgdm9b8burt",
      "position": {
        "x": 630,
        "y": 640
      },
      "content": [
        "umqvmhv89mbm9b8h5za",
        "r72m8dj68opm9baznyj",
        "hsofzyoa5hom9bczivl"
      ],
      "visualModels": [],
      "type": [
        "visual-node"
      ],
      "identifier": "xkqx5"
    },
    {
      "model": "7d081002-a1e3-42a0-aaf8-712d8d19a677",
      "representedRelationship": "lv4zjq4qisjm9b8l42p",
      "waypoints": [],
      "visualSource": "xkqx5",
      "visualTarget": "7zzp2",
      "type": [
        "visual-relationship"
      ],
      "identifier": "rsmtu"
    },
    {
      "model": "7d081002-a1e3-42a0-aaf8-712d8d19a677",
      "representedRelationship": "ouzc27b12omm9b8hqem",
      "waypoints": [],
      "visualSource": "oo2q5",
      "visualTarget": "xkqx5",
      "type": [
        "visual-relationship"
      ],
      "identifier": "ys5zfk"
    },
    {
      "model": "7d081002-a1e3-42a0-aaf8-712d8d19a677",
      "representedRelationship": "sf4wr0x2n1m9b8honk",
      "waypoints": [],
      "visualSource": "b3im1",
      "visualTarget": "xkqx5",
      "type": [
        "visual-relationship"
      ],
      "identifier": "98iog"
    },
    {
      "model": "7d081002-a1e3-42a0-aaf8-712d8d19a677",
      "representedRelationship": "7a1kp7i2s7wm9b8e5as",
      "waypoints": [],
      "visualSource": "xkqx5",
      "visualTarget": "tnvg3",
      "type": [
        "visual-relationship"
      ],
      "identifier": "cobnp"
    },
    {
      "model": "7d081002-a1e3-42a0-aaf8-712d8d19a677",
      "representedEntity": "qglj98hu1cpm9b8casu",
      "position": {
        "x": 260,
        "y": 760
      },
      "content": [],
      "visualModels": [],
      "type": [
        "visual-node"
      ],
      "identifier": "sq6k0h"
    },
    {
      "model": "7d081002-a1e3-42a0-aaf8-712d8d19a677",
      "representedRelationship": "cadn0jvba7am9b8u4fj",
      "waypoints": [],
      "visualSource": "tnvg3",
      "visualTarget": "sq6k0h",
      "type": [
        "visual-relationship"
      ],
      "identifier": "xpxcb"
    },
    {
      "model": "7d081002-a1e3-42a0-aaf8-712d8d19a677",
      "representedEntity": "tvz8iufev8om9b8cjnu",
      "position": {
        "x": -240,
        "y": 760
      },
      "content": [],
      "visualModels": [],
      "type": [
        "visual-node"
      ],
      "identifier": "x9zuq"
    },
    {
      "model": "7d081002-a1e3-42a0-aaf8-712d8d19a677",
      "representedRelationship": "4867fi1umr6m9b8su8d",
      "waypoints": [],
      "visualSource": "sq6k0h",
      "visualTarget": "x9zuq",
      "type": [
        "visual-relationship"
      ],
      "identifier": "s9o4z"
    }
  ]
}