{
  "iri": "f8f20994-a236-475f-839e-5b994681813b",
  "types": [
    "http://dataspecer.com/resources/v1/psm"
  ],
  "userMetadata": {
    "label": {
      "en": "Application Profile Specification Document",
      "cs": "Application Profile Specification Document"
    },
    "description": {
      "en": "Data structure for Application Profile Specification Document. An Application Profile Specification Document contains human-readable version of an Application Profile.",
      "cs": "Datová struktura pro Application Profile Specification Document. An Application Profile Specification Document contains human-readable version of an Application Profile."
    }
  },
  "metadata": {
    "creationDate": "2025-05-07T10:42:06.471Z",
    "modificationDate": "2025-05-09T12:44:58.106Z"
  },
  "_version": 1,
  "_exportVersion": 1,
  "_exportedAt": "2025-05-11T10:51:11.371Z",
  "_exportedBy": "http://localhost:3100"
}