{
  "identifier": "n4roi",
  "version": 1,
  "type": "http://dataspecer.com/resources/local/visual-model",
  "entities": [
    {
      "type": [
        "http://dataspecer.com/resources/local/visual-model"
      ],
      "representedModel": "7d081002-a1e3-42a0-aaf8-712d8d19a677",
      "color": "#b8a3d3",
      "identifier": "zjnvc"
    },
    {
      "type": [
        "http://dataspecer.com/resources/local/visual-model"
      ],
      "representedModel": "i254ag",
      "color": "#ffd670",
      "identifier": "akvmk"
    },
    {
      "identifier": "n4roi-model-metadata-entity",
      "type": [
        "entity-model-type"
      ],
      "label": {
        "en": "Vocabulary view"
      }
    },
    {
      "model": "7d081002-a1e3-42a0-aaf8-712d8d19a677",
      "representedEntity": "z8b7pjl5uyem9b8d78b",
      "position": {
        "x": 950,
        "y": 320
      },
      "content": [],
      "visualModels": [],
      "type": [
        "visual-node"
      ],
      "identifier": "w8zhr"
    },
    {
      "model": "7d081002-a1e3-42a0-aaf8-712d8d19a677",
      "representedEntity": "tvz8iufev8om9b8cjnu",
      "position": {
        "x": 1380,
        "y": 330
      },
      "content": [],
      "visualModels": [],
      "type": [
        "visual-node"
      ],
      "identifier": "so0mu"
    },
    {
      "model": "7d081002-a1e3-42a0-aaf8-712d8d19a677",
      "representedRelationship": "21ow0uhseq3m9b8dh72",
      "waypoints": [],
      "visualSource": "w8zhr",
      "visualTarget": "so0mu",
      "type": [
        "visual-relationship"
      ],
      "identifier": "k5jp9"
    },
    {
      "model": "7d081002-a1e3-42a0-aaf8-712d8d19a677",
      "representedEntity": "e5zswl7sro5m9b8d3a2",
      "position": {
        "x": 1380,
        "y": 60
      },
      "content": [],
      "visualModels": [],
      "type": [
        "visual-node"
      ],
      "identifier": "gk3l6"
    },
    {
      "model": "7d081002-a1e3-42a0-aaf8-712d8d19a677",
      "representedRelationship": "c159j1thzbsm9b8dl78",
      "waypoints": [],
      "visualSource": "gk3l6",
      "visualTarget": "so0mu",
      "type": [
        "visual-relationship"
      ],
      "identifier": "tknrp"
    },
    {
      "model": "7d081002-a1e3-42a0-aaf8-712d8d19a677",
      "representedEntity": "m82a0phe3xima3ufaca",
      "position": {
        "x": 890,
        "y": 60
      },
      "content": [],
      "visualModels": [],
      "type": [
        "visual-node"
      ],
      "identifier": "q5ttig"
    },
    {
      "model": "7d081002-a1e3-42a0-aaf8-712d8d19a677",
      "representedRelationship": "tuz56hxcgqlm9b8gnak",
      "waypoints": [],
      "visualSource": "w8zhr",
      "visualTarget": "q5ttig",
      "type": [
        "visual-relationship"
      ],
      "identifier": "e7jt2"
    },
    {
      "model": "7d081002-a1e3-42a0-aaf8-712d8d19a677",
      "representedRelationship": "5togoue50q9m9b8gdfk",
      "waypoints": [],
      "visualSource": "gk3l6",
      "visualTarget": "q5ttig",
      "type": [
        "visual-relationship"
      ],
      "identifier": "7r8p1"
    },
    {
      "model": "7d081002-a1e3-42a0-aaf8-712d8d19a677",
      "representedEntity": "mpizj2apo6mma3wwh7i",
      "position": {
        "x": 270,
        "y": 60
      },
      "content": [],
      "visualModels": [],
      "type": [
        "visual-node"
      ],
      "identifier": "d02g6"
    },
    {
      "model": "7d081002-a1e3-42a0-aaf8-712d8d19a677",
      "representedRelationship": "y39lpsmlioma3wyql3",
      "waypoints": [],
      "visualSource": "q5ttig",
      "visualTarget": "d02g6",
      "type": [
        "visual-relationship"
      ],
      "identifier": "t9c7t"
    }
  ]
}