{
  "iri": "b32f4b80-78cc-4bc8-82a7-bbfeb2495360/3315b4d7-2ae9-41d5-9ede-5a9631f52c82/6c309473-67a2-4a18-8b7f-4062d443b219",
  "types": [
    "https://dataspecer.com/core/model-descriptor/pim-store-wrapper"
  ],
  "userMetadata": {
    "documentBaseUrl": "https://datagov-cz.github.io/cache-slovniku/rdfs.ttl",
    "label": {
      "en": "rdfs"
    }
  },
  "metadata": {
    "creationDate": "2025-05-06T07:04:22.719Z",
    "modificationDate": "2025-05-06T07:04:50.438Z"
  },
  "_version": 1,
  "_exportVersion": 1,
  "_exportedAt": "2025-05-06T07:05:23.850Z",
  "_exportedBy": "http://localhost:3100"
}