{
  "iri": "b32f4b80-78cc-4bc8-82a7-bbfeb2495360/3315b4d7-2ae9-41d5-9ede-5a9631f52c82/9aa18dff-7455-4279-87e6-01a0b16ad038",
  "types": [
    "https://dataspecer.com/core/model-descriptor/pim-store-wrapper"
  ],
  "userMetadata": {
    "documentBaseUrl": "https://www.w3.org/2002/07/owl",
    "label": {
      "en": "owl"
    }
  },
  "metadata": {
    "creationDate": "2025-05-06T07:04:23.095Z",
    "modificationDate": "2025-05-11T10:50:23.375Z"
  },
  "_version": 1,
  "_exportVersion": 1,
  "_exportedAt": "2025-05-11T10:51:11.363Z",
  "_exportedBy": "http://localhost:3100"
}