{
  "iri": "b32f4b80-78cc-4bc8-82a7-bbfeb2495360/3315b4d7-2ae9-41d5-9ede-5a9631f52c82/bfcd5909-d8d0-430c-a1dc-5f31c9e9fcd1",
  "types": [
    "https://dataspecer.com/core/model-descriptor/pim-store-wrapper"
  ],
  "userMetadata": {
    "documentBaseUrl": "https://datagov-cz.github.io/cache-slovniku/rdf.ttl",
    "label": {
      "en": "rdf"
    }
  },
  "metadata": {
    "creationDate": "2025-05-06T07:04:22.537Z",
    "modificationDate": "2025-05-06T07:04:50.383Z"
  },
  "_version": 1,
  "_exportVersion": 1,
  "_exportedAt": "2025-05-06T07:05:23.848Z",
  "_exportedBy": "http://localhost:3100"
}