{
  "iri": "b32f4b80-78cc-4bc8-82a7-bbfeb2495360/3315b4d7-2ae9-41d5-9ede-5a9631f52c82/cc7e2b3b-9ab4-4112-8cb9-087d7340a7cf",
  "types": [
    "https://dataspecer.com/core/model-descriptor/pim-store-wrapper"
  ],
  "userMetadata": {
    "documentBaseUrl": "https://datagov-cz.github.io/cache-slovniku/dublin_core_terms.ttl",
    "label": {
      "en": "dublin_core_terms"
    }
  },
  "metadata": {
    "creationDate": "2025-05-06T07:04:22.333Z",
    "modificationDate": "2025-05-11T10:50:23.089Z"
  },
  "_version": 1,
  "_exportVersion": 1,
  "_exportedAt": "2025-05-11T10:51:11.349Z",
  "_exportedBy": "http://localhost:3100"
}