{
  "iri": "b32f4b80-78cc-4bc8-82a7-bbfeb2495360/3315b4d7-2ae9-41d5-9ede-5a9631f52c82/cecbaed4-a087-44f8-98d5-c131e5b2240e",
  "types": [
    "https://dataspecer.com/core/model-descriptor/pim-store-wrapper"
  ],
  "userMetadata": {
    "documentBaseUrl": "https://datagov-cz.github.io/cache-slovniku/skos.rdf",
    "label": {
      "en": "skos"
    }
  },
  "metadata": {
    "creationDate": "2025-05-06T07:04:22.883Z",
    "modificationDate": "2025-05-07T05:42:47.979Z"
  },
  "_version": 1,
  "_exportVersion": 1,
  "_exportedAt": "2025-05-07T05:43:14.028Z",
  "_exportedBy": "http://localhost:3100"
}