{
  "iri": "b32f4b80-78cc-4bc8-82a7-bbfeb2495360/3315b4d7-2ae9-41d5-9ede-5a9631f52c82/vocabulary",
  "types": [
    "http://dataspecer.com/resources/local/semantic-model"
  ],
  "userMetadata": {
    "label": {
      "en": "Data Specification Vocabulary (DSV)"
    },
    "documentBaseUrl": "https://mff-uk.github.io/data-specification-vocabulary/dsv/"
  },
  "metadata": {
    "creationDate": "2025-05-06T07:04:23.750Z",
    "modificationDate": "2025-05-11T10:50:23.525Z"
  },
  "_version": 1,
  "_exportVersion": 1,
  "_exportedAt": "2025-05-11T10:51:11.367Z",
  "_exportedBy": "http://localhost:3100"
}