{
  "iri": "b32f4b80-78cc-4bc8-82a7-bbfeb2495360/e8fcdf09-524a-4a75-b46a-59f6528d6657",
  "types": [
    "http://dataspecer.com/resources/local/package"
  ],
  "userMetadata": {
    "label": {
      "en": "Data Specification Vocabulary (DSV)"
    },
    "description": {},
    "importedFromUrl": "https://mff-uk.github.io/data-specification-vocabulary/dsv/",
    "documentBaseUrl": "https://mff-uk.github.io/data-specification-vocabulary/dsv/"
  },
  "metadata": {
    "creationDate": "2025-06-23T06:46:57.161Z",
    "modificationDate": "2025-06-23T06:46:58.928Z"
  },
  "_version": 1,
  "_exportVersion": 1,
  "_exportedAt": "2025-06-23T06:47:12.889Z",
  "_exportedBy": "http://localhost:3100"
}