{
  "iri": "b32f4b80-78cc-4bc8-82a7-bbfeb2495360/e8fcdf09-524a-4a75-b46a-59f6528d6657/2be04e76-0046-4898-b348-941cd44266fa",
  "types": [
    "https://dataspecer.com/core/model-descriptor/pim-store-wrapper"
  ],
  "userMetadata": {
    "documentBaseUrl": "https://datagov-cz.github.io/cache-slovniku/rdf.ttl",
    "label": {
      "en": "rdf"
    }
  },
  "metadata": {
    "creationDate": "2025-06-23T06:46:57.933Z",
    "modificationDate": "2025-06-23T06:46:57.971Z"
  },
  "_version": 1,
  "_exportVersion": 1,
  "_exportedAt": "2025-06-23T06:47:12.880Z",
  "_exportedBy": "http://localhost:3100"
}