{
  "iri": "b32f4b80-78cc-4bc8-82a7-bbfeb2495360/e8fcdf09-524a-4a75-b46a-59f6528d6657/2d3282ad-6c0a-4923-a8ad-a04917789c60",
  "types": [
    "https://dataspecer.com/core/model-descriptor/pim-store-wrapper"
  ],
  "userMetadata": {
    "documentBaseUrl": "https://datagov-cz.github.io/cache-slovniku/rdfs.ttl",
    "label": {
      "en": "rdfs"
    }
  },
  "metadata": {
    "creationDate": "2025-06-23T06:46:57.733Z",
    "modificationDate": "2025-06-23T06:46:57.770Z"
  },
  "_version": 1,
  "_exportVersion": 1,
  "_exportedAt": "2025-06-23T06:47:12.879Z",
  "_exportedBy": "http://localhost:3100"
}