{
  "iri": "b32f4b80-78cc-4bc8-82a7-bbfeb2495360/e8fcdf09-524a-4a75-b46a-59f6528d6657/79e99ce9-c296-43b1-a1d2-a9294cfa18d9",
  "types": [
    "https://dataspecer.com/core/model-descriptor/pim-store-wrapper"
  ],
  "userMetadata": {
    "documentBaseUrl": "https://datagov-cz.github.io/cache-slovniku/dublin_core_terms.ttl",
    "label": {
      "en": "dublin_core_terms"
    }
  },
  "metadata": {
    "creationDate": "2025-06-23T06:46:58.489Z",
    "modificationDate": "2025-06-23T06:46:58.553Z"
  },
  "_version": 1,
  "_exportVersion": 1,
  "_exportedAt": "2025-06-23T06:47:12.884Z",
  "_exportedBy": "http://localhost:3100"
}