{
  "iri": "b32f4b80-78cc-4bc8-82a7-bbfeb2495360/e8fcdf09-524a-4a75-b46a-59f6528d6657/eed6d79d-db2e-42b2-bfdb-a860ba932069",
  "types": [
    "https://dataspecer.com/core/model-descriptor/pim-store-wrapper"
  ],
  "userMetadata": {
    "documentBaseUrl": "https://www.w3.org/2002/07/owl",
    "label": {
      "en": "owl"
    }
  },
  "metadata": {
    "creationDate": "2025-06-23T06:46:58.154Z",
    "modificationDate": "2025-06-23T06:46:58.346Z"
  },
  "_version": 1,
  "_exportVersion": 1,
  "_exportedAt": "2025-06-23T06:47:12.882Z",
  "_exportedBy": "http://localhost:3100"
}