{
  "iri": "b32f4b80-78cc-4bc8-82a7-bbfeb2495360/9d6e066e-b0b6-43c8-9361-ebecbcc6ebd4/7d91ef32-8dc4-441a-82c0-603879f67b07",
  "types": [
    "https://dataspecer.com/core/model-descriptor/pim-store-wrapper"
  ],
  "userMetadata": {
    "documentBaseUrl": "https://datagov-cz.github.io/cache-slovniku/rdf.ttl",
    "label": {
      "en": "rdf"
    }
  },
  "metadata": {
    "creationDate": "2026-01-09T09:36:34.179Z",
    "modificationDate": "2026-01-09T09:42:19.537Z"
  },
  "_version": 1,
  "_exportVersion": 1,
  "_exportedAt": "2026-01-09T09:43:03.658Z",
  "_exportedBy": "http://localhost:3100"
}