{
  "iri": "b32f4b80-78cc-4bc8-82a7-bbfeb2495360/9d6e066e-b0b6-43c8-9361-ebecbcc6ebd4/b70a7137-ea7e-4b31-9f5b-346263552561",
  "types": [
    "https://dataspecer.com/core/model-descriptor/pim-store-wrapper"
  ],
  "userMetadata": {
    "documentBaseUrl": "https://www.w3.org/2002/07/owl",
    "label": {
      "en": "owl"
    }
  },
  "metadata": {
    "creationDate": "2026-01-09T09:36:34.639Z",
    "modificationDate": "2026-01-09T09:42:19.640Z"
  },
  "_version": 1,
  "_exportVersion": 1,
  "_exportedAt": "2026-01-09T09:43:03.659Z",
  "_exportedBy": "http://localhost:3100"
}