{
  "iri": "b32f4b80-78cc-4bc8-82a7-bbfeb2495360/9d6e066e-b0b6-43c8-9361-ebecbcc6ebd4/vocabulary",
  "types": [
    "http://dataspecer.com/resources/local/semantic-model"
  ],
  "userMetadata": {
    "label": {
      "en": "Data Specification Vocabulary (DSV)"
    },
    "documentBaseUrl": "https://mff-uk.github.io/data-specification-vocabulary/dsv/"
  },
  "metadata": {
    "creationDate": "2026-01-09T09:36:35.457Z",
    "modificationDate": "2026-01-09T09:42:19.799Z"
  },
  "_version": 1,
  "_exportVersion": 1,
  "_exportedAt": "2026-01-09T10:00:29.455Z",
  "_exportedBy": "http://localhost:3100"
}