{
  "iri": "b32f4b80-78cc-4bc8-82a7-bbfeb2495360",
  "types": [
    "http://dataspecer.com/resources/local/package"
  ],
  "userMetadata": {
    "label": {
      "en": "Data Specification Vocabulary - Default Application Profile (DSV-DAP)"
    },
    "description": {
      "cs": ""
    }
  },
  "metadata": {
    "creationDate": "2026-01-09T09:36:26.093Z",
    "modificationDate": "2026-01-09T09:42:20.212Z"
  },
  "_version": 1,
  "_exportVersion": 1,
  "_exportedAt": "2026-01-09T09:43:03.665Z",
  "_exportedBy": "http://localhost:3100"
}