{
  "iri": "80bb66a5-4182-4250-90c2-90b7f0b05a7b",
  "types": [
    "http://dataspecer.com/resources/local/visual-model"
  ],
  "userMetadata": {
    "label": {
      "en": "View for Data Specification Vocabulary - Default Application Profile (DSV-DAP)"
    },
    "description": {
      "en": "View model for the profile"
    }
  },
  "metadata": {
    "creationDate": "2026-01-09T09:36:26.195Z",
    "modificationDate": "2026-01-09T09:42:19.892Z"
  },
  "_version": 1,
  "_exportVersion": 1,
  "_exportedAt": "2026-01-09T09:43:03.609Z",
  "_exportedBy": "http://localhost:3100"
}