{
  "iri": "b32f4b80-78cc-4bc8-82a7-bbfeb2495360/6f38bd9a-af66-4515-b9d4-077a40348a35/060b5c6c-bbbe-4d18-8ec6-853d48e03da8",
  "types": [
    "https://dataspecer.com/core/model-descriptor/pim-store-wrapper"
  ],
  "userMetadata": {
    "documentBaseUrl": "https://www.w3.org/2002/07/owl",
    "label": {
      "en": "owl"
    }
  },
  "metadata": {
    "creationDate": "2025-07-31T14:47:13.545Z",
    "modificationDate": "2025-07-31T14:50:54.297Z"
  },
  "_version": 1,
  "_exportVersion": 1,
  "_exportedAt": "2025-07-31T14:52:46.862Z",
  "_exportedBy": "http://localhost:3100"
}