{
  "iri": "b32f4b80-78cc-4bc8-82a7-bbfeb2495360/6f38bd9a-af66-4515-b9d4-077a40348a35/090ece90-df06-4289-94aa-3665cdac66ad",
  "types": [
    "https://dataspecer.com/core/model-descriptor/pim-store-wrapper"
  ],
  "userMetadata": {
    "documentBaseUrl": "https://datagov-cz.github.io/cache-slovniku/skos.rdf",
    "label": {
      "en": "skos"
    }
  },
  "metadata": {
    "creationDate": "2025-07-31T14:47:14.381Z",
    "modificationDate": "2025-07-31T14:50:54.358Z"
  },
  "_version": 1,
  "_exportVersion": 1,
  "_exportedAt": "2025-07-31T14:52:46.868Z",
  "_exportedBy": "http://localhost:3100"
}