{
  "iri": "b32f4b80-78cc-4bc8-82a7-bbfeb2495360/6f38bd9a-af66-4515-b9d4-077a40348a35/0e250f47-471b-4078-a933-0c2733c2a4c8",
  "types": [
    "https://dataspecer.com/core/model-descriptor/pim-store-wrapper"
  ],
  "userMetadata": {
    "documentBaseUrl": "https://datagov-cz.github.io/cache-slovniku/rdfs.ttl",
    "label": {
      "en": "rdfs"
    }
  },
  "metadata": {
    "creationDate": "2025-07-31T14:47:13.062Z",
    "modificationDate": "2025-07-31T14:50:54.285Z"
  },
  "_version": 1,
  "_exportVersion": 1,
  "_exportedAt": "2025-07-31T14:52:46.860Z",
  "_exportedBy": "http://localhost:3100"
}