{
  "iri": "b32f4b80-78cc-4bc8-82a7-bbfeb2495360/6f38bd9a-af66-4515-b9d4-077a40348a35/2a2d770c-2bd5-4cd0-b280-0cd16930a9ff",
  "types": [
    "https://dataspecer.com/core/model-descriptor/pim-store-wrapper"
  ],
  "userMetadata": {
    "documentBaseUrl": "https://www.w3.org/TR/dx-prof/rdf/prof.ttl",
    "label": {
      "en": "prof"
    }
  },
  "metadata": {
    "creationDate": "2025-07-31T14:47:12.671Z",
    "modificationDate": "2025-07-31T14:50:54.294Z"
  },
  "_version": 1,
  "_exportVersion": 1,
  "_exportedAt": "2025-07-31T14:52:46.855Z",
  "_exportedBy": "http://localhost:3100"
}