{
  "iri": "b32f4b80-78cc-4bc8-82a7-bbfeb2495360/6f38bd9a-af66-4515-b9d4-077a40348a35/b0123d08-2d0a-4560-83b2-fb83b389fa32",
  "types": [
    "https://dataspecer.com/core/model-descriptor/pim-store-wrapper"
  ],
  "userMetadata": {
    "documentBaseUrl": "https://datagov-cz.github.io/cache-slovniku/rdf.ttl",
    "label": {
      "en": "rdf"
    }
  },
  "metadata": {
    "creationDate": "2025-07-31T14:47:13.289Z",
    "modificationDate": "2025-07-31T14:50:54.286Z"
  },
  "_version": 1,
  "_exportVersion": 1,
  "_exportedAt": "2025-07-31T14:52:46.861Z",
  "_exportedBy": "http://localhost:3100"
}