{
  "iri": "b32f4b80-78cc-4bc8-82a7-bbfeb2495360/fc8d4c14-1aa8-4d69-a0a8-d3f2e16200c0/033ff8db-7d52-474a-a0cb-3ad07d218200",
  "types": [
    "https://dataspecer.com/core/model-descriptor/pim-store-wrapper"
  ],
  "userMetadata": {
    "documentBaseUrl": "https://www.w3.org/2002/07/owl",
    "label": {
      "en": "owl"
    }
  },
  "metadata": {
    "creationDate": "2025-05-13T11:42:43.927Z",
    "modificationDate": "2025-05-13T11:42:44.378Z"
  },
  "_version": 1,
  "_exportVersion": 1,
  "_exportedAt": "2025-05-13T11:45:25.925Z",
  "_exportedBy": "http://localhost:3100"
}