{
  "iri": "b32f4b80-78cc-4bc8-82a7-bbfeb2495360/fc8d4c14-1aa8-4d69-a0a8-d3f2e16200c0/5b49c27a-728e-4db1-a861-ac776d797be0",
  "types": [
    "https://dataspecer.com/core/model-descriptor/pim-store-wrapper"
  ],
  "userMetadata": {
    "documentBaseUrl": "https://www.w3.org/TR/dx-prof/rdf/prof.ttl",
    "label": {
      "en": "prof"
    }
  },
  "metadata": {
    "creationDate": "2025-05-13T11:42:42.925Z",
    "modificationDate": "2025-05-13T11:42:43.357Z"
  },
  "_version": 1,
  "_exportVersion": 1,
  "_exportedAt": "2025-05-13T11:45:25.922Z",
  "_exportedBy": "http://localhost:3100"
}