{
  "iri": "b32f4b80-78cc-4bc8-82a7-bbfeb2495360/fc8d4c14-1aa8-4d69-a0a8-d3f2e16200c0/adcb94a5-4cc3-406a-826c-37633b073ae2",
  "types": [
    "https://dataspecer.com/core/model-descriptor/pim-store-wrapper"
  ],
  "userMetadata": {
    "documentBaseUrl": "https://datagov-cz.github.io/cache-slovniku/dublin_core_terms.ttl",
    "label": {
      "en": "dublin_core_terms"
    }
  },
  "metadata": {
    "creationDate": "2025-05-13T11:42:44.506Z",
    "modificationDate": "2025-05-13T11:42:44.560Z"
  },
  "_version": 1,
  "_exportVersion": 1,
  "_exportedAt": "2025-05-13T11:45:25.927Z",
  "_exportedBy": "http://localhost:3100"
}