{
  "iri": "b32f4b80-78cc-4bc8-82a7-bbfeb2495360/fc8d4c14-1aa8-4d69-a0a8-d3f2e16200c0/dec51f41-4d59-4028-8fab-a2c7d5efd86c",
  "types": [
    "https://dataspecer.com/core/model-descriptor/pim-store-wrapper"
  ],
  "userMetadata": {
    "documentBaseUrl": "https://datagov-cz.github.io/cache-slovniku/rdf.ttl",
    "label": {
      "en": "rdf"
    }
  },
  "metadata": {
    "creationDate": "2025-05-13T11:42:43.686Z",
    "modificationDate": "2025-05-13T11:42:43.724Z"
  },
  "_version": 1,
  "_exportVersion": 1,
  "_exportedAt": "2025-05-13T11:45:25.924Z",
  "_exportedBy": "http://localhost:3100"
}