{
  "iri": "b32f4b80-78cc-4bc8-82a7-bbfeb2495360/fc8d4c14-1aa8-4d69-a0a8-d3f2e16200c0/f3a187f7-2c77-436a-b036-0d4be958d81d",
  "types": [
    "https://dataspecer.com/core/model-descriptor/pim-store-wrapper"
  ],
  "userMetadata": {
    "documentBaseUrl": "https://datagov-cz.github.io/cache-slovniku/skos.rdf",
    "label": {
      "en": "skos"
    }
  },
  "metadata": {
    "creationDate": "2025-05-13T11:42:44.701Z",
    "modificationDate": "2025-05-13T11:42:44.765Z"
  },
  "_version": 1,
  "_exportVersion": 1,
  "_exportedAt": "2025-05-13T11:45:25.933Z",
  "_exportedBy": "http://localhost:3100"
}