{
  "iri": "e27f744e-d71d-4601-ae66-a7d4bbbb2556",
  "types": [
    "http://dataspecer.com/resources/local/package"
  ],
  "userMetadata": {
    "label": {
      "en": "Data Specification Vocabulary (DSV)"
    },
    "description": {
      "en": "This specification defines terms needed to describe application profiles,"
    },
    "documentBaseUrl": "https://mff-uk.github.io/data-specification-vocabulary/"
  },
  "metadata": {
    "creationDate": "2024-07-03T12:52:24.528Z",
    "modificationDate": "2025-05-05T11:52:00.402Z"
  },
  "_version": 1,
  "_exportVersion": 1,
  "_exportedAt": "2025-05-05T11:52:21.003Z",
  "_exportedBy": "http://localhost:3100"
}