{
  "type": "http://dataspecer.com/resources/local/semantic-model",
  "modelId": "8b8feeb4-4e8b-44ef-b351-23e31e3b657a",
  "modelAlias": "Data Specification Vocabulary (DSV)",
  "baseIri": "https://w3id.org/dsv#",
  "entities": {
    "0m9c25z376jnly5ubaz1": {
      "id": "0m9c25z376jnly5ubaz1",
      "iri": "ConceptualModel",
      "type": [
        "class"
      ],
      "name": {
        "en": "Conceptual model",
        "cs": "Konceptuální model"
      },
      "description": {
        "en": "Conceptual model containing profiles of classes and properties of various vocabularies.",
        "cs": "Konceptuální model obsahující profily tříd a vlastností různých slovníků."
      }
    },
    "4klnwt1r7ouly5udayc": {
      "id": "4klnwt1r7ouly5udayc",
      "iri": "Profile",
      "type": [
        "class"
      ],
      "name": {
        "en": "Profile",
        "cs": "Profil"
      },
      "description": {
        "en": "Entity profile. Allows profile editors to specify context dependent information such as label, definition, usage note, cardinalities, etc.",
        "cs": "Profil entity. Umožňuje blíže specifikovat některé její vlastnost v kontextu aplikačního profilu."
      }
    },
    "6qhgfajnmghly5ueuw3": {
      "id": "6qhgfajnmghly5ueuw3",
      "iri": "ClassProfile",
      "type": [
        "class"
      ],
      "name": {
        "en": "Class Profile",
        "cs": "Profil třídy"
      },
      "description": {
        "en": "Profile of a class. Allows specification editors to specify profile specific names, definitions and usage notes."
      }
    },
    "y1td0drpj8ly5uezge": {
      "id": "y1td0drpj8ly5uezge",
      "iri": null,
      "child": "6qhgfajnmghly5ueuw3",
      "parent": "4klnwt1r7ouly5udayc",
      "type": [
        "generalization"
      ]
    },
    "t03u43jp2holy5ugz67": {
      "id": "t03u43jp2holy5ugz67",
      "iri": "PropertyProfile",
      "type": [
        "class"
      ],
      "name": {
        "en": "Property Profile",
        "cs": "Profil vlastnosti"
      },
      "description": {
        "en": "Profile of a property allows specification editors to specify profile specific name, definition, usage note, domain, range and cardinality."
      }
    },
    "dcg7lv48ekly5uh3mj": {
      "id": "dcg7lv48ekly5uh3mj",
      "iri": null,
      "child": "t03u43jp2holy5ugz67",
      "parent": "4klnwt1r7ouly5udayc",
      "type": [
        "generalization"
      ]
    },
    "mzm5kthiswfly5ujegg": {
      "id": "mzm5kthiswfly5ujegg",
      "iri": "InvalidProfile",
      "type": [
        "class"
      ],
      "name": {
        "en": "Invalid profile",
        "cs": "Nevalidní profil"
      },
      "description": {
        "en": "Invalid profile is a profile, which breaks profile compliance rules. This may be for a good reason such as temporary, to be propagated upstream, inconsistency.",
        "cs": "Neplatný profil je profil, který porušuje pravidla pro správné profilování. To může být z dobrého důvodu, jako je dočasná nekonzistence, která se má teprve projevit na profilované entitě."
      }
    },
    "jfanc22vuihly5ujlfh": {
      "id": "jfanc22vuihly5ujlfh",
      "iri": null,
      "child": "mzm5kthiswfly5ujegg",
      "parent": "4klnwt1r7ouly5udayc",
      "type": [
        "generalization"
      ]
    },
    "fuwncp8252ely5ukryv": {
      "id": "fuwncp8252ely5ukryv",
      "iri": "ObjectPropertyProfile",
      "type": [
        "class"
      ],
      "name": {
        "en": "Object Property Profile",
        "cs": "Profil objektové vlastnosti"
      },
      "description": {}
    },
    "l6mx4qcki7oly5ulbau": {
      "id": "l6mx4qcki7oly5ulbau",
      "iri": "DatatypePropertyProfile",
      "type": [
        "class"
      ],
      "name": {
        "en": "Datatype Property Profile",
        "cs": "Profile atributu"
      },
      "description": {
        "en": ""
      }
    },
    "vuj81mkfkaly5uli9n": {
      "id": "vuj81mkfkaly5uli9n",
      "iri": null,
      "child": "l6mx4qcki7oly5ulbau",
      "parent": "t03u43jp2holy5ugz67",
      "type": [
        "generalization"
      ]
    },
    "h34mmfthj67ly5ulnoo": {
      "id": "h34mmfthj67ly5ulnoo",
      "iri": null,
      "child": "fuwncp8252ely5ukryv",
      "parent": "t03u43jp2holy5ugz67",
      "type": [
        "generalization"
      ]
    },
    "j7u69sjfmqly5uopml": {
      "id": "j7u69sjfmqly5uopml",
      "type": [
        "relationship"
      ],
      "iri": null,
      "name": {},
      "description": {},
      "ends": [
        {
          "name": {},
          "description": {},
          "cardinality": null,
          "concept": "http://www.w3.org/ns/dx/prof/Profile",
          "iri": null
        },
        {
          "name": {
            "en": "conceptual model"
          },
          "description": {
            "en": "Specifies the conceptual model contained in the application profile."
          },
          "cardinality": null,
          "concept": "0m9c25z376jnly5ubaz1",
          "iri": "https://w3id.org/dsv#conceptualModel"
        }
      ]
    },
    "5k9qr6vfkgjly5upac4": {
      "id": "5k9qr6vfkgjly5upac4",
      "type": [
        "relationship"
      ],
      "iri": null,
      "name": {},
      "description": {},
      "ends": [
        {
          "name": {},
          "description": {},
          "cardinality": null,
          "concept": "4klnwt1r7ouly5udayc",
          "iri": null
        },
        {
          "name": {
            "en": "profile of"
          },
          "description": {
            "en": "Specifies a parent profile of the current profile."
          },
          "cardinality": null,
          "concept": "4klnwt1r7ouly5udayc",
          "iri": "https://w3id.org/dsv#profileOf"
        }
      ]
    },
    "x2epkv1lvjoly5uptxv": {
      "id": "x2epkv1lvjoly5uptxv",
      "type": [
        "relationship"
      ],
      "iri": null,
      "name": {},
      "description": {},
      "ends": [
        {
          "name": {},
          "description": {},
          "cardinality": null,
          "concept": "4klnwt1r7ouly5udayc",
          "iri": null
        },
        {
          "name": {
            "en": "specializes"
          },
          "description": {
            "en": "Specifies a profile specialized by this profile."
          },
          "cardinality": null,
          "concept": "4klnwt1r7ouly5udayc",
          "iri": "https://w3id.org/dsv#specializes"
        }
      ]
    },
    "zhakhpyes2mly5us7ay": {
      "id": "zhakhpyes2mly5us7ay",
      "type": [
        "relationship"
      ],
      "iri": null,
      "name": {},
      "description": {},
      "ends": [
        {
          "name": {},
          "description": {},
          "cardinality": null,
          "concept": "6qhgfajnmghly5ueuw3",
          "iri": null
        },
        {
          "name": {
            "en": "profiled class"
          },
          "description": {
            "en": "The profiled class."
          },
          "cardinality": null,
          "concept": "http://www.w3.org/2000/01/rdf-schema#Class",
          "iri": "https://w3id.org/dsv#class"
        }
      ]
    },
    "zea294wx11ely5uxiqs": {
      "id": "zea294wx11ely5uxiqs",
      "type": [
        "relationship"
      ],
      "iri": null,
      "name": {},
      "description": {},
      "ends": [
        {
          "name": {},
          "description": {},
          "cardinality": null,
          "concept": "l6mx4qcki7oly5ulbau",
          "iri": null
        },
        {
          "name": {
            "en": "datatype"
          },
          "description": {},
          "cardinality": null,
          "concept": "http://www.w3.org/2000/01/rdf-schema#Datatype",
          "iri": "https://w3id.org/dsv#datatype"
        }
      ]
    },
    "h7hy192nuqtly5uycc1": {
      "id": "h7hy192nuqtly5uycc1",
      "type": [
        "relationship"
      ],
      "iri": null,
      "name": {},
      "description": {},
      "ends": [
        {
          "name": {},
          "description": {},
          "concept": "fuwncp8252ely5ukryv",
          "iri": null
        },
        {
          "name": {
            "en": "range"
          },
          "description": {
            "en": "Class profile, which is the range of the object property profile."
          },
          "concept": "6qhgfajnmghly5ueuw3",
          "iri": "https://w3id.org/dsv#range"
        }
      ]
    },
    "d7r5pxu88ylly5uyt49": {
      "id": "d7r5pxu88ylly5uyt49",
      "type": [
        "relationship"
      ],
      "iri": null,
      "name": {},
      "description": {},
      "ends": [
        {
          "name": {},
          "description": {},
          "concept": "t03u43jp2holy5ugz67",
          "iri": null
        },
        {
          "name": {
            "en": "domain"
          },
          "description": {
            "en": "Class profile, which is the domain of the property profile."
          },
          "concept": "6qhgfajnmghly5ueuw3",
          "iri": "https://w3id.org/dsv#domain"
        }
      ]
    },
    "g4mpeurijsly5v4n8s": {
      "id": "g4mpeurijsly5v4n8s",
      "type": [
        "relationship"
      ],
      "iri": null,
      "name": {},
      "description": {},
      "ends": [
        {
          "name": {},
          "description": {},
          "concept": "t03u43jp2holy5ugz67",
          "iri": null
        },
        {
          "name": {
            "en": "cardinality",
            "cs": "kardinalita"
          },
          "description": {},
          "concept": "http://www.w3.org/2004/02/skos/core#Concept",
          "iri": "https://w3id.org/dsv#cardinality"
        }
      ]
    },
    "gidcldcoyv4ly5xo0gj": {
      "id": "gidcldcoyv4ly5xo0gj",
      "type": [
        "relationship"
      ],
      "iri": null,
      "name": {},
      "description": {},
      "ends": [
        {
          "name": {},
          "description": {},
          "cardinality": null,
          "concept": "http://purl.org/dc/terms/Standard",
          "iri": null
        },
        {
          "name": {
            "en": "artefact"
          },
          "description": {
            "en": "Artefact of the specification"
          },
          "cardinality": null,
          "concept": "http://www.w3.org/ns/dx/prof/ResourceDescriptor",
          "iri": "https://w3id.org/dsv#artefact"
        }
      ]
    },
    "5l1btg4vww6lyif85tw": {
      "id": "5l1btg4vww6lyif85tw",
      "type": [
        "relationship"
      ],
      "iri": null,
      "name": {},
      "description": {},
      "ends": [
        {
          "name": {},
          "description": {},
          "cardinality": null,
          "concept": "t03u43jp2holy5ugz67",
          "iri": null
        },
        {
          "name": {
            "en": "profiled property"
          },
          "description": {
            "en": "The property profiled by the property profile."
          },
          "cardinality": null,
          "concept": "http://www.w3.org/1999/02/22-rdf-syntax-ns#Property",
          "iri": "https://w3id.org/dsv#property"
        }
      ]
    },
    "0u9k6kwmiq6m92q3ugk": {
      "iri": "PropertyValueReuse",
      "name": {
        "en": "Property Value Reuse"
      },
      "description": {
        "en": "Specifies, which values of which properties of which resources are reused for the current Profile.\nE.g. reuse of profile name, reuse of class name, reuse of profile definition, reuse of profile usage note, etc."
      },
      "id": "0u9k6kwmiq6m92q3ugk",
      "type": [
        "class"
      ]
    },
    "vqx4y9xx1cjm92q4ppb": {
      "ends": [
        {
          "iri": null,
          "name": {},
          "description": {},
          "concept": "4klnwt1r7ouly5udayc"
        },
        {
          "name": {
            "en": "reuses property value"
          },
          "description": {
            "en": "Points to definitions of Property value reuse for this Profile."
          },
          "concept": "0u9k6kwmiq6m92q3ugk",
          "iri": "reusesPropertyValue"
        }
      ],
      "id": "vqx4y9xx1cjm92q4ppb",
      "type": [
        "relationship"
      ],
      "iri": null,
      "name": {},
      "description": {}
    },
    "3z7gjy81uubm92q5wof": {
      "ends": [
        {
          "iri": null,
          "name": {},
          "description": {},
          "concept": "0u9k6kwmiq6m92q3ugk"
        },
        {
          "name": {
            "en": "reused property"
          },
          "description": {},
          "concept": "http://www.w3.org/1999/02/22-rdf-syntax-ns#Property",
          "iri": "reusedProperty"
        }
      ],
      "id": "3z7gjy81uubm92q5wof",
      "type": [
        "relationship"
      ],
      "iri": null,
      "name": {},
      "description": {}
    },
    "079r8f4km7lnm92q74k9": {
      "ends": [
        {
          "iri": null,
          "name": {},
          "description": {},
          "concept": "0u9k6kwmiq6m92q3ugk"
        },
        {
          "name": {
            "en": "reused from resource"
          },
          "description": {
            "en": "The Resource on which there is a property with a value for reuse."
          },
          "concept": "http://www.w3.org/2000/01/rdf-schema#Resource",
          "iri": "reusedFromResource"
        }
      ],
      "id": "079r8f4km7lnm92q74k9",
      "type": [
        "relationship"
      ],
      "iri": null,
      "name": {},
      "description": {}
    },
    "gx916856xyom9bcqf92": {
      "ends": [
        {
          "iri": null,
          "name": {},
          "description": {},
          "concept": "t03u43jp2holy5ugz67"
        },
        {
          "name": {
            "en": "requirement level"
          },
          "description": {
            "en": "Requirement level of the property, typically mandatory, recommended or optional."
          },
          "concept": "http://www.w3.org/2004/02/skos/core#Concept",
          "iri": "requirementLevel"
        }
      ],
      "id": "gx916856xyom9bcqf92",
      "type": [
        "relationship"
      ],
      "iri": null,
      "name": {},
      "description": {}
    },
    "w3sb3ygvlqm9bcr78z": {
      "ends": [
        {
          "iri": null,
          "name": {},
          "description": {},
          "concept": "6qhgfajnmghly5ueuw3"
        },
        {
          "name": {
            "en": "class role"
          },
          "description": {
            "en": "Class role, e.g. Mandatory, Supportive, etc."
          },
          "concept": "http://www.w3.org/2004/02/skos/core#Concept",
          "iri": "classRole"
        }
      ],
      "id": "w3sb3ygvlqm9bcr78z",
      "type": [
        "relationship"
      ],
      "iri": null,
      "name": {},
      "description": {}
    }
  }
}