{
  "identifier": "c5d2ee2e-32c6-4c12-abb3-b80410162920",
  "version": 1,
  "type": "http://dataspecer.com/resources/local/visual-model",
  "entities": [
    {
      "identifier": "0m9c25z376jnly5ubaz1",
      "type": [
        "visual-node"
      ],
      "representedEntity": "0m9c25z376jnly5ubaz1",
      "model": "8b8feeb4-4e8b-44ef-b351-23e31e3b657a",
      "content": [],
      "visualModels": [],
      "position": {
        "x": -320,
        "y": 220
      }
    },
    {
      "identifier": "6qhgfajnmghly5ueuw3",
      "type": [
        "visual-node"
      ],
      "representedEntity": "6qhgfajnmghly5ueuw3",
      "model": "8b8feeb4-4e8b-44ef-b351-23e31e3b657a",
      "content": [
        "w3sb3ygvlqm9bcr78z"
      ],
      "visualModels": [],
      "position": {
        "x": 300,
        "y": 220
      }
    },
    {
      "identifier": "t03u43jp2holy5ugz67",
      "type": [
        "visual-node"
      ],
      "representedEntity": "t03u43jp2holy5ugz67",
      "model": "8b8feeb4-4e8b-44ef-b351-23e31e3b657a",
      "content": [
        "g4mpeurijsly5v4n8s",
        "gx916856xyom9bcqf92"
      ],
      "visualModels": [],
      "position": {
        "x": 300,
        "y": 540
      }
    },
    {
      "identifier": "mzm5kthiswfly5ujegg",
      "type": [
        "visual-node"
      ],
      "representedEntity": "mzm5kthiswfly5ujegg",
      "model": "8b8feeb4-4e8b-44ef-b351-23e31e3b657a",
      "content": [],
      "visualModels": [],
      "position": {
        "x": -230,
        "y": 370
      }
    },
    {
      "identifier": "fuwncp8252ely5ukryv",
      "type": [
        "visual-node"
      ],
      "representedEntity": "fuwncp8252ely5ukryv",
      "model": "8b8feeb4-4e8b-44ef-b351-23e31e3b657a",
      "content": [],
      "visualModels": [],
      "position": {
        "x": 690,
        "y": 500
      }
    },
    {
      "identifier": "l6mx4qcki7oly5ulbau",
      "type": [
        "visual-node"
      ],
      "representedEntity": "l6mx4qcki7oly5ulbau",
      "model": "8b8feeb4-4e8b-44ef-b351-23e31e3b657a",
      "content": [],
      "visualModels": [],
      "position": {
        "x": 920,
        "y": 610
      }
    },
    {
      "identifier": "vuj81mkfkaly5uli9n",
      "type": [
        "visual-relationship"
      ],
      "representedRelationship": "vuj81mkfkaly5uli9n",
      "model": "8b8feeb4-4e8b-44ef-b351-23e31e3b657a",
      "waypoints": [],
      "visualSource": "l6mx4qcki7oly5ulbau",
      "visualTarget": "t03u43jp2holy5ugz67"
    },
    {
      "identifier": "h34mmfthj67ly5ulnoo",
      "type": [
        "visual-relationship"
      ],
      "representedRelationship": "h34mmfthj67ly5ulnoo",
      "model": "8b8feeb4-4e8b-44ef-b351-23e31e3b657a",
      "waypoints": [],
      "visualSource": "fuwncp8252ely5ukryv",
      "visualTarget": "t03u43jp2holy5ugz67"
    },
    {
      "identifier": "http://www.w3.org/2000/01/rdf-schema#Class",
      "type": [
        "visual-node"
      ],
      "representedEntity": "http://www.w3.org/2000/01/rdf-schema#Class",
      "model": "22p8ah",
      "content": [],
      "visualModels": [],
      "position": {
        "x": 920,
        "y": 220
      }
    },
    {
      "identifier": "zhakhpyes2mly5us7ay",
      "type": [
        "visual-relationship"
      ],
      "representedRelationship": "zhakhpyes2mly5us7ay",
      "model": "8b8feeb4-4e8b-44ef-b351-23e31e3b657a",
      "waypoints": [],
      "visualSource": "6qhgfajnmghly5ueuw3",
      "visualTarget": "http://www.w3.org/2000/01/rdf-schema#Class"
    },
    {
      "identifier": "http://www.w3.org/1999/02/22-rdf-syntax-ns#Property",
      "type": [
        "visual-node"
      ],
      "representedEntity": "http://www.w3.org/1999/02/22-rdf-syntax-ns#Property",
      "model": "72txp",
      "content": [],
      "visualModels": [],
      "position": {
        "x": 1160,
        "y": 290
      }
    },
    {
      "identifier": "http://www.w3.org/2000/01/rdf-schema#Datatype",
      "type": [
        "visual-node"
      ],
      "representedEntity": "http://www.w3.org/2000/01/rdf-schema#Datatype",
      "model": "22p8ah",
      "content": [],
      "visualModels": [],
      "position": {
        "x": 920,
        "y": 370
      }
    },
    {
      "identifier": "zea294wx11ely5uxiqs",
      "type": [
        "visual-relationship"
      ],
      "representedRelationship": "zea294wx11ely5uxiqs",
      "model": "8b8feeb4-4e8b-44ef-b351-23e31e3b657a",
      "waypoints": [],
      "visualSource": "l6mx4qcki7oly5ulbau",
      "visualTarget": "http://www.w3.org/2000/01/rdf-schema#Datatype"
    },
    {
      "identifier": "h7hy192nuqtly5uycc1",
      "type": [
        "visual-relationship"
      ],
      "representedRelationship": "h7hy192nuqtly5uycc1",
      "model": "8b8feeb4-4e8b-44ef-b351-23e31e3b657a",
      "waypoints": [],
      "visualSource": "fuwncp8252ely5ukryv",
      "visualTarget": "6qhgfajnmghly5ueuw3"
    },
    {
      "identifier": "d7r5pxu88ylly5uyt49",
      "type": [
        "visual-relationship"
      ],
      "representedRelationship": "d7r5pxu88ylly5uyt49",
      "model": "8b8feeb4-4e8b-44ef-b351-23e31e3b657a",
      "waypoints": [],
      "visualSource": "t03u43jp2holy5ugz67",
      "visualTarget": "6qhgfajnmghly5ueuw3"
    },
    {
      "identifier": "http://purl.org/dc/terms/Standard",
      "type": [
        "visual-node"
      ],
      "representedEntity": "http://purl.org/dc/terms/Standard",
      "model": "gnu9k",
      "content": [],
      "visualModels": [],
      "position": {
        "x": 260,
        "y": -180
      }
    },
    {
      "identifier": "http://www.w3.org/ns/dx/prof/ResourceDescriptor",
      "type": [
        "visual-node"
      ],
      "representedEntity": "http://www.w3.org/ns/dx/prof/ResourceDescriptor",
      "model": "7lmdk",
      "content": [],
      "visualModels": [],
      "position": {
        "x": -340,
        "y": -180
      }
    },
    {
      "identifier": "gidcldcoyv4ly5xo0gj",
      "type": [
        "visual-relationship"
      ],
      "representedRelationship": "gidcldcoyv4ly5xo0gj",
      "model": "8b8feeb4-4e8b-44ef-b351-23e31e3b657a",
      "waypoints": [],
      "visualSource": "http://purl.org/dc/terms/Standard",
      "visualTarget": "http://www.w3.org/ns/dx/prof/ResourceDescriptor"
    },
    {
      "identifier": "5l1btg4vww6lyif85tw",
      "type": [
        "visual-relationship"
      ],
      "representedRelationship": "5l1btg4vww6lyif85tw",
      "model": "8b8feeb4-4e8b-44ef-b351-23e31e3b657a",
      "waypoints": [
        {
          "x": 410,
          "y": 730,
          "anchored": null
        },
        {
          "x": 1280,
          "y": 730,
          "anchored": null
        }
      ],
      "visualSource": "t03u43jp2holy5ugz67",
      "visualTarget": "http://www.w3.org/1999/02/22-rdf-syntax-ns#Property"
    },
    {
      "type": [
        "http://dataspecer.com/resources/local/visual-model"
      ],
      "representedModel": "8b8feeb4-4e8b-44ef-b351-23e31e3b657a",
      "color": "#70d6ff",
      "identifier": "ro3c7"
    },
    {
      "type": [
        "http://dataspecer.com/resources/local/visual-model"
      ],
      "representedModel": "7lmdk",
      "color": "#d4f2d2",
      "identifier": "yibrt"
    },
    {
      "type": [
        "http://dataspecer.com/resources/local/visual-model"
      ],
      "representedModel": "22p8ah",
      "color": "#4dc9ab",
      "identifier": "ohktkj"
    },
    {
      "type": [
        "http://dataspecer.com/resources/local/visual-model"
      ],
      "representedModel": "72txp",
      "color": "#fc440f",
      "identifier": "83mxj"
    },
    {
      "type": [
        "http://dataspecer.com/resources/local/visual-model"
      ],
      "representedModel": "2pka5",
      "color": "#e63462",
      "identifier": "9hy2s"
    },
    {
      "type": [
        "http://dataspecer.com/resources/local/visual-model"
      ],
      "representedModel": "gnu9k",
      "color": "#8da266",
      "identifier": "150q6"
    },
    {
      "identifier": "c5d2ee2e-32c6-4c12-abb3-b80410162920-model-metadata-entity",
      "type": [
        "entity-model-type"
      ],
      "label": {
        "en": "Main view"
      }
    },
    {
      "model": "7lmdk",
      "representedEntity": "http://www.w3.org/ns/dx/prof/Profile",
      "position": {
        "x": 240,
        "y": 30
      },
      "content": [],
      "visualModels": [],
      "type": [
        "visual-node"
      ],
      "identifier": "a2sv8"
    },
    {
      "model": "8b8feeb4-4e8b-44ef-b351-23e31e3b657a",
      "representedRelationship": "j7u69sjfmqly5uopml",
      "waypoints": [
        {
          "x": -210,
          "y": 60,
          "anchored": null
        }
      ],
      "visualSource": "a2sv8",
      "visualTarget": "0m9c25z376jnly5ubaz1",
      "type": [
        "visual-relationship"
      ],
      "identifier": "sqofb"
    },
    {
      "model": "7lmdk",
      "representedRelationship": "https://dataspecer.com/semantic-models/generalizationfromIri=http%3A%2F%2Fwww.w3.org%2Fns%2Fdx%2Fprof%2FProfile&toIri=http%3A%2F%2Fpurl.org%2Fdc%2Fterms%2FStandard",
      "waypoints": [],
      "visualSource": "a2sv8",
      "visualTarget": "http://purl.org/dc/terms/Standard",
      "type": [
        "visual-relationship"
      ],
      "identifier": "luu2j"
    },
    {
      "model": "7lmdk",
      "representedRelationship": "http://www.w3.org/ns/dx/prof/isProfileOf",
      "waypoints": [
        {
          "x": 510,
          "y": -40,
          "anchored": null
        }
      ],
      "visualSource": "a2sv8",
      "visualTarget": "http://purl.org/dc/terms/Standard",
      "type": [
        "visual-relationship"
      ],
      "identifier": "pfmly"
    },
    {
      "model": "8b8feeb4-4e8b-44ef-b351-23e31e3b657a",
      "representedEntity": "4klnwt1r7ouly5udayc",
      "position": {
        "x": -30,
        "y": 220
      },
      "content": [],
      "visualModels": [],
      "type": [
        "visual-node"
      ],
      "identifier": "bvstd"
    },
    {
      "model": "8b8feeb4-4e8b-44ef-b351-23e31e3b657a",
      "representedRelationship": "x2epkv1lvjoly5uptxv",
      "waypoints": [
        {
          "x": 130,
          "y": 130,
          "anchored": null
        },
        {
          "x": 190,
          "y": 130,
          "anchored": null
        }
      ],
      "visualSource": "bvstd",
      "visualTarget": "bvstd",
      "type": [
        "visual-relationship"
      ],
      "identifier": "5ist"
    },
    {
      "model": "8b8feeb4-4e8b-44ef-b351-23e31e3b657a",
      "representedRelationship": "5k9qr6vfkgjly5upac4",
      "waypoints": [
        {
          "x": 40,
          "y": 130,
          "anchored": null
        },
        {
          "x": -10,
          "y": 130,
          "anchored": null
        }
      ],
      "visualSource": "bvstd",
      "visualTarget": "bvstd",
      "type": [
        "visual-relationship"
      ],
      "identifier": "hgx1s"
    },
    {
      "model": "8b8feeb4-4e8b-44ef-b351-23e31e3b657a",
      "representedRelationship": "jfanc22vuihly5ujlfh",
      "waypoints": [],
      "visualSource": "mzm5kthiswfly5ujegg",
      "visualTarget": "bvstd",
      "type": [
        "visual-relationship"
      ],
      "identifier": "loi6o"
    },
    {
      "model": "8b8feeb4-4e8b-44ef-b351-23e31e3b657a",
      "representedRelationship": "dcg7lv48ekly5uh3mj",
      "waypoints": [],
      "visualSource": "t03u43jp2holy5ugz67",
      "visualTarget": "bvstd",
      "type": [
        "visual-relationship"
      ],
      "identifier": "nmjrg"
    },
    {
      "model": "8b8feeb4-4e8b-44ef-b351-23e31e3b657a",
      "representedRelationship": "y1td0drpj8ly5uezge",
      "waypoints": [],
      "visualSource": "6qhgfajnmghly5ueuw3",
      "visualTarget": "bvstd",
      "type": [
        "visual-relationship"
      ],
      "identifier": "s2297"
    },
    {
      "model": "8b8feeb4-4e8b-44ef-b351-23e31e3b657a",
      "representedEntity": "0u9k6kwmiq6m92q3ugk",
      "position": {
        "x": -30,
        "y": 540
      },
      "content": [
        "3z7gjy81uubm92q5wof",
        "079r8f4km7lnm92q74k9"
      ],
      "visualModels": [],
      "type": [
        "visual-node"
      ],
      "identifier": "e3rr6"
    },
    {
      "model": "8b8feeb4-4e8b-44ef-b351-23e31e3b657a",
      "representedRelationship": "vqx4y9xx1cjm92q4ppb",
      "waypoints": [],
      "visualSource": "bvstd",
      "visualTarget": "e3rr6",
      "type": [
        "visual-relationship"
      ],
      "identifier": "cvm05h"
    },
    {
      "type": [
        "http://dataspecer.com/resources/local/visual-model"
      ],
      "representedModel": "d7z0a",
      "color": "#b8d6b8",
      "identifier": "qvklv"
    }
  ]
}