{
  "iri": "b32f4b80-78cc-4bc8-82a7-bbfeb2495360/cf4db2ff-e884-4ba7-bff9-00a970f31a17/0bbe5ea2-2684-49d3-a61b-3fd5e2e548fe",
  "types": [
    "https://dataspecer.com/core/model-descriptor/pim-store-wrapper"
  ],
  "userMetadata": {
    "documentBaseUrl": "https://datagov-cz.github.io/cache-slovniku/rdf.ttl",
    "label": {
      "en": "rdf"
    }
  },
  "metadata": {
    "creationDate": "2025-05-14T06:32:16.998Z",
    "modificationDate": "2025-05-14T06:34:47.610Z"
  },
  "_version": 1,
  "_exportVersion": 1,
  "_exportedAt": "2025-05-14T06:35:20.363Z",
  "_exportedBy": "http://localhost:3100"
}