{
  "iri": "b32f4b80-78cc-4bc8-82a7-bbfeb2495360/cf4db2ff-e884-4ba7-bff9-00a970f31a17/979f64b7-ef2d-48f4-b7fe-655c608521fa",
  "types": [
    "https://dataspecer.com/core/model-descriptor/pim-store-wrapper"
  ],
  "userMetadata": {
    "documentBaseUrl": "https://www.w3.org/2002/07/owl",
    "label": {
      "en": "owl"
    }
  },
  "metadata": {
    "creationDate": "2025-05-14T06:32:17.488Z",
    "modificationDate": "2025-05-14T06:34:47.671Z"
  },
  "_version": 1,
  "_exportVersion": 1,
  "_exportedAt": "2025-05-14T06:35:20.364Z",
  "_exportedBy": "http://localhost:3100"
}