{
  "iri": "b32f4b80-78cc-4bc8-82a7-bbfeb2495360/cf4db2ff-e884-4ba7-bff9-00a970f31a17/e3bb3346-8ef0-41b1-bdc5-76881cc13359",
  "types": [
    "https://dataspecer.com/core/model-descriptor/pim-store-wrapper"
  ],
  "userMetadata": {
    "documentBaseUrl": "https://www.w3.org/TR/dx-prof/rdf/prof.ttl",
    "label": {
      "en": "prof"
    }
  },
  "metadata": {
    "creationDate": "2025-05-14T06:32:16.243Z",
    "modificationDate": "2025-05-14T06:34:47.493Z"
  },
  "_version": 1,
  "_exportVersion": 1,
  "_exportedAt": "2025-05-14T06:35:20.361Z",
  "_exportedBy": "http://localhost:3100"
}