{
  "iri": "b32f4b80-78cc-4bc8-82a7-bbfeb2495360/791c08dd-d271-4ff3-9cf9-fce4eaa1bf2b",
  "types": [
    "http://dataspecer.com/resources/local/package"
  ],
  "userMetadata": {
    "label": {
      "en": "Data Specification Vocabulary (DSV)"
    },
    "description": {},
    "importedFromUrl": "https://mff-uk.github.io/data-specification-vocabulary/dsv/",
    "documentBaseUrl": "https://mff-uk.github.io/data-specification-vocabulary/dsv/"
  },
  "metadata": {
    "creationDate": "2025-05-13T09:59:18.024Z",
    "modificationDate": "2025-05-13T10:12:09.845Z"
  },
  "_version": 1,
  "_exportVersion": 1,
  "_exportedAt": "2025-05-13T10:13:13.364Z",
  "_exportedBy": "http://localhost:3100"
}