{
  "iri": "b32f4b80-78cc-4bc8-82a7-bbfeb2495360/791c08dd-d271-4ff3-9cf9-fce4eaa1bf2b/1b18af72-89c9-40b8-ab9c-bc40fcf4b22c",
  "types": [
    "https://dataspecer.com/core/model-descriptor/pim-store-wrapper"
  ],
  "userMetadata": {
    "documentBaseUrl": "https://datagov-cz.github.io/cache-slovniku/skos.rdf",
    "label": {
      "en": "skos"
    }
  },
  "metadata": {
    "creationDate": "2025-05-13T09:59:20.644Z",
    "modificationDate": "2025-05-13T10:12:09.772Z"
  },
  "_version": 1,
  "_exportVersion": 1,
  "_exportedAt": "2025-05-13T10:13:13.362Z",
  "_exportedBy": "http://localhost:3100"
}