{
  "iri": "b32f4b80-78cc-4bc8-82a7-bbfeb2495360/791c08dd-d271-4ff3-9cf9-fce4eaa1bf2b/aab069c6-af5c-4f14-a038-6878ad432b09",
  "types": [
    "https://dataspecer.com/core/model-descriptor/pim-store-wrapper"
  ],
  "userMetadata": {
    "documentBaseUrl": "https://www.w3.org/2002/07/owl",
    "label": {
      "en": "owl"
    }
  },
  "metadata": {
    "creationDate": "2025-05-13T09:59:19.831Z",
    "modificationDate": "2025-05-13T10:12:09.643Z"
  },
  "_version": 1,
  "_exportVersion": 1,
  "_exportedAt": "2025-05-13T10:46:33.408Z",
  "_exportedBy": "http://localhost:3100"
}