{
  "iri": "b32f4b80-78cc-4bc8-82a7-bbfeb2495360/791c08dd-d271-4ff3-9cf9-fce4eaa1bf2b/c4d13839-597e-4f6b-820c-40b27902a6ad",
  "types": [
    "https://dataspecer.com/core/model-descriptor/pim-store-wrapper"
  ],
  "userMetadata": {
    "documentBaseUrl": "https://www.w3.org/TR/dx-prof/rdf/prof.ttl",
    "label": {
      "en": "prof"
    }
  },
  "metadata": {
    "creationDate": "2025-05-13T09:59:18.481Z",
    "modificationDate": "2025-05-13T10:12:09.470Z"
  },
  "_version": 1,
  "_exportVersion": 1,
  "_exportedAt": "2025-05-13T10:46:33.405Z",
  "_exportedBy": "http://localhost:3100"
}