{
  "iri": "b32f4b80-78cc-4bc8-82a7-bbfeb2495360/791c08dd-d271-4ff3-9cf9-fce4eaa1bf2b/fc9f809c-3da0-4a5b-a324-f07d2edca10a",
  "types": [
    "https://dataspecer.com/core/model-descriptor/pim-store-wrapper"
  ],
  "userMetadata": {
    "documentBaseUrl": "https://datagov-cz.github.io/cache-slovniku/rdfs.ttl",
    "label": {
      "en": "rdfs"
    }
  },
  "metadata": {
    "creationDate": "2025-05-13T09:59:19.148Z",
    "modificationDate": "2025-05-13T10:12:09.524Z"
  },
  "_version": 1,
  "_exportVersion": 1,
  "_exportedAt": "2025-05-13T10:46:33.406Z",
  "_exportedBy": "http://localhost:3100"
}