{
  "iri": "b32f4b80-78cc-4bc8-82a7-bbfeb2495360/22f2c553-8dea-431b-9646-b117cb2d5bc8",
  "types": [
    "http://dataspecer.com/resources/local/package"
  ],
  "userMetadata": {
    "label": {
      "en": "Data Specification Vocabulary (DSV)"
    },
    "description": {},
    "importedFromUrl": "https://mff-uk.github.io/data-specification-vocabulary/dsv/",
    "documentBaseUrl": "https://mff-uk.github.io/data-specification-vocabulary/dsv/"
  },
  "metadata": {
    "creationDate": "2025-04-09T14:05:46.628Z",
    "modificationDate": "2025-04-10T11:58:29.084Z"
  },
  "_version": 1,
  "_exportVersion": 1,
  "_exportedAt": "2025-04-10T12:05:17.335Z",
  "_exportedBy": "http://localhost:3100"
}