{
  "iri": "b32f4b80-78cc-4bc8-82a7-bbfeb2495360/22f2c553-8dea-431b-9646-b117cb2d5bc8/46508784-7380-4b86-ab39-5bed95eb42d2",
  "types": [
    "https://dataspecer.com/core/model-descriptor/pim-store-wrapper"
  ],
  "userMetadata": {
    "documentBaseUrl": "https://www.w3.org/2002/07/owl",
    "label": {
      "en": "owl"
    }
  },
  "metadata": {
    "creationDate": "2025-04-09T14:05:47.559Z",
    "modificationDate": "2025-04-10T11:58:28.961Z"
  },
  "_version": 1,
  "_exportVersion": 1,
  "_exportedAt": "2025-04-10T12:05:17.331Z",
  "_exportedBy": "http://localhost:3100"
}