{
  "iri": "b32f4b80-78cc-4bc8-82a7-bbfeb2495360/22f2c553-8dea-431b-9646-b117cb2d5bc8/5859b565-5d7b-404b-b813-6e51aa64a3f1",
  "types": [
    "https://dataspecer.com/core/model-descriptor/pim-store-wrapper"
  ],
  "userMetadata": {
    "documentBaseUrl": "https://datagov-cz.github.io/cache-slovniku/rdf.ttl",
    "label": {
      "en": "rdf"
    }
  },
  "metadata": {
    "creationDate": "2025-04-09T14:05:47.118Z",
    "modificationDate": "2025-04-10T11:58:28.828Z"
  },
  "_version": 1,
  "_exportVersion": 1,
  "_exportedAt": "2025-04-10T12:05:17.329Z",
  "_exportedBy": "http://localhost:3100"
}