{
  "iri": "b32f4b80-78cc-4bc8-82a7-bbfeb2495360/22f2c553-8dea-431b-9646-b117cb2d5bc8/b068f0ca-3c1f-4912-869f-5d5f9e4464f4",
  "types": [
    "https://dataspecer.com/core/model-descriptor/pim-store-wrapper"
  ],
  "userMetadata": {
    "documentBaseUrl": "https://www.w3.org/TR/dx-prof/rdf/prof.ttl",
    "label": {
      "en": "prof"
    }
  },
  "metadata": {
    "creationDate": "2025-04-09T14:05:47.908Z",
    "modificationDate": "2025-04-10T11:58:29.025Z"
  },
  "_version": 1,
  "_exportVersion": 1,
  "_exportedAt": "2025-04-10T12:05:17.333Z",
  "_exportedBy": "http://localhost:3100"
}