{
  "iri": "b32f4b80-78cc-4bc8-82a7-bbfeb2495360/ec650e55-3aac-4133-9b33-13f298b5a834/0b2cc675-0f60-4948-84a5-f0ff05717b99",
  "types": [
    "https://dataspecer.com/core/model-descriptor/pim-store-wrapper"
  ],
  "userMetadata": {
    "documentBaseUrl": "https://datagov-cz.github.io/cache-slovniku/dublin_core_terms.ttl",
    "label": {
      "en": "dublin_core_terms"
    }
  },
  "metadata": {
    "creationDate": "2025-05-05T11:54:59.686Z",
    "modificationDate": "2025-05-05T13:51:23.898Z"
  },
  "_version": 1,
  "_exportVersion": 1,
  "_exportedAt": "2025-05-05T13:51:42.618Z",
  "_exportedBy": "http://localhost:3100"
}