{
  "iri": "b32f4b80-78cc-4bc8-82a7-bbfeb2495360/ec650e55-3aac-4133-9b33-13f298b5a834/0d1990a5-ce9a-4611-8a43-67c74ff0a7e0",
  "types": [
    "https://dataspecer.com/core/model-descriptor/pim-store-wrapper"
  ],
  "userMetadata": {
    "documentBaseUrl": "https://www.w3.org/2002/07/owl",
    "label": {
      "en": "owl"
    }
  },
  "metadata": {
    "creationDate": "2025-05-05T11:55:00.675Z",
    "modificationDate": "2025-05-05T12:34:50.173Z"
  },
  "_version": 1,
  "_exportVersion": 1,
  "_exportedAt": "2025-05-05T12:35:07.777Z",
  "_exportedBy": "http://localhost:3100"
}