{
  "iri": "b32f4b80-78cc-4bc8-82a7-bbfeb2495360/ec650e55-3aac-4133-9b33-13f298b5a834/25a5f99a-a311-461c-9555-5a1e8c712e82",
  "types": [
    "https://dataspecer.com/core/model-descriptor/pim-store-wrapper"
  ],
  "userMetadata": {
    "documentBaseUrl": "https://datagov-cz.github.io/cache-slovniku/skos.rdf",
    "label": {
      "en": "skos"
    }
  },
  "metadata": {
    "creationDate": "2025-05-05T11:55:00.319Z",
    "modificationDate": "2025-05-05T12:34:50.114Z"
  },
  "_version": 1,
  "_exportVersion": 1,
  "_exportedAt": "2025-05-05T12:35:07.776Z",
  "_exportedBy": "http://localhost:3100"
}