{
  "iri": "b32f4b80-78cc-4bc8-82a7-bbfeb2495360/ec650e55-3aac-4133-9b33-13f298b5a834/98b02b8b-23a8-4b0b-b170-9f9e1b5eef55",
  "types": [
    "https://dataspecer.com/core/model-descriptor/pim-store-wrapper"
  ],
  "userMetadata": {
    "documentBaseUrl": "https://www.w3.org/TR/dx-prof/rdf/prof.ttl",
    "label": {
      "en": "prof"
    }
  },
  "metadata": {
    "creationDate": "2025-05-05T11:55:01.012Z",
    "modificationDate": "2025-05-05T12:34:50.236Z"
  },
  "_version": 1,
  "_exportVersion": 1,
  "_exportedAt": "2025-05-05T12:35:07.779Z",
  "_exportedBy": "http://localhost:3100"
}