{
  "iri": "b32f4b80-78cc-4bc8-82a7-bbfeb2495360/ec650e55-3aac-4133-9b33-13f298b5a834/f9f7c817-5b1c-4447-bef1-af964c5f1b13",
  "types": [
    "https://dataspecer.com/core/model-descriptor/pim-store-wrapper"
  ],
  "userMetadata": {
    "documentBaseUrl": "https://datagov-cz.github.io/cache-slovniku/rdfs.ttl",
    "label": {
      "en": "rdfs"
    }
  },
  "metadata": {
    "creationDate": "2025-05-05T11:55:00.110Z",
    "modificationDate": "2025-05-05T13:51:24.031Z"
  },
  "_version": 1,
  "_exportVersion": 1,
  "_exportedAt": "2025-05-05T13:51:42.625Z",
  "_exportedBy": "http://localhost:3100"
}