{
  "iri": "b32f4b80-78cc-4bc8-82a7-bbfeb2495360/cf4db2ff-e884-4ba7-bff9-00a970f31a17/6d9cbf96-71d2-4a1c-9bec-445a4a9d20ee",
  "types": [
    "https://dataspecer.com/core/model-descriptor/pim-store-wrapper"
  ],
  "userMetadata": {
    "documentBaseUrl": "https://datagov-cz.github.io/cache-slovniku/skos.rdf",
    "label": {
      "en": "skos"
    }
  },
  "metadata": {
    "creationDate": "2025-05-14T06:32:18.268Z",
    "modificationDate": "2025-05-14T06:34:47.800Z"
  },
  "_version": 1,
  "_exportVersion": 1,
  "_exportedAt": "2025-05-22T06:51:29.099Z",
  "_exportedBy": "http://localhost:3100"
}