{
  "iri": "b32f4b80-78cc-4bc8-82a7-bbfeb2495360/cf4db2ff-e884-4ba7-bff9-00a970f31a17/b96a66cc-87d6-4ae4-9954-71c62588a4a1",
  "types": [
    "https://dataspecer.com/core/model-descriptor/pim-store-wrapper"
  ],
  "userMetadata": {
    "documentBaseUrl": "https://datagov-cz.github.io/cache-slovniku/dublin_core_terms.ttl",
    "label": {
      "en": "dublin_core_terms"
    }
  },
  "metadata": {
    "creationDate": "2025-05-14T06:32:18.076Z",
    "modificationDate": "2025-05-14T06:34:47.730Z"
  },
  "_version": 1,
  "_exportVersion": 1,
  "_exportedAt": "2025-05-22T06:51:29.094Z",
  "_exportedBy": "http://localhost:3100"
}