{
  "iri": "b32f4b80-78cc-4bc8-82a7-bbfeb2495360/cf4db2ff-e884-4ba7-bff9-00a970f31a17/d75cc0d1-6a0a-4c75-9bd7-9d60fc6642b6",
  "types": [
    "https://dataspecer.com/core/model-descriptor/pim-store-wrapper"
  ],
  "userMetadata": {
    "documentBaseUrl": "https://datagov-cz.github.io/cache-slovniku/rdfs.ttl",
    "label": {
      "en": "rdfs"
    }
  },
  "metadata": {
    "creationDate": "2025-05-14T06:32:16.815Z",
    "modificationDate": "2025-05-14T06:34:47.550Z"
  },
  "_version": 1,
  "_exportVersion": 1,
  "_exportedAt": "2025-05-22T06:51:29.090Z",
  "_exportedBy": "http://localhost:3100"
}