{
  "iri": "b32f4b80-78cc-4bc8-82a7-bbfeb2495360/5c9677d0-611c-49bd-8aa6-8d7f0912880c/6e499939-b18f-4037-a773-5077ed48eccb",
  "types": [
    "https://dataspecer.com/core/model-descriptor/pim-store-wrapper"
  ],
  "userMetadata": {
    "documentBaseUrl": "https://datagov-cz.github.io/cache-slovniku/dublin_core_terms.ttl",
    "label": {
      "en": "dublin_core_terms"
    }
  },
  "metadata": {
    "creationDate": "2025-04-30T12:24:48.665Z",
    "modificationDate": "2025-04-30T13:28:37.686Z"
  },
  "_version": 1,
  "_exportVersion": 1,
  "_exportedAt": "2025-04-30T13:28:55.389Z",
  "_exportedBy": "http://localhost:3100"
}