{
  "iri": "b32f4b80-78cc-4bc8-82a7-bbfeb2495360/5c9677d0-611c-49bd-8aa6-8d7f0912880c/d3624ea2-1117-4009-9083-65b35ddc6f48",
  "types": [
    "https://dataspecer.com/core/model-descriptor/pim-store-wrapper"
  ],
  "userMetadata": {
    "documentBaseUrl": "https://www.w3.org/TR/dx-prof/rdf/prof.ttl",
    "label": {
      "en": "prof"
    }
  },
  "metadata": {
    "creationDate": "2025-04-30T12:24:49.933Z",
    "modificationDate": "2025-04-30T13:28:38.033Z"
  },
  "_version": 1,
  "_exportVersion": 1,
  "_exportedAt": "2025-04-30T13:28:55.410Z",
  "_exportedBy": "http://localhost:3100"
}