{
  "type": "https://dataspecer.com/core/model-descriptor/pim-store-wrapper",
  "id": "b32f4b80-78cc-4bc8-82a7-bbfeb2495360/5c9677d0-611c-49bd-8aa6-8d7f0912880c/d3624ea2-1117-4009-9083-65b35ddc6f48",
  "alias": "prof",
  "pimStore": {
    "resources": {
      "http://www.w3.org/ns/dx/prof/hasToken": {
        "types": [
          "https://ofn.gov.cz/slovník/pim/Attribute"
        ],
        "iri": "http://www.w3.org/ns/dx/prof/hasToken",
        "pimInterpretation": "http://www.w3.org/ns/dx/prof/hasToken",
        "pimTechnicalLabel": null,
        "pimHumanLabel": {
          "en": "has token"
        },
        "pimHumanDescription": {},
        "pimDatatype": "http://www.w3.org/2001/XMLSchema#token",
        "pimLanguageStringRequiredLanguages": [],
        "pimOwnerClass": "http://www.w3.org/ns/dx/prof/Profile",
        "pimCardinalityMin": null,
        "pimCardinalityMax": null,
        "pimRegex": null,
        "pimExample": null,
        "pimExtends": []
      },
      "http://www.w3.org/ns/dx/prof/hasArtifact#domain": {
        "types": [
          "https://ofn.gov.cz/slovník/pim/AssociationEnd"
        ],
        "iri": "http://www.w3.org/ns/dx/prof/hasArtifact#domain",
        "pimInterpretation": null,
        "pimTechnicalLabel": null,
        "pimHumanLabel": null,
        "pimHumanDescription": null,
        "pimPart": "http://www.w3.org/ns/dx/prof/ResourceDescriptor",
        "pimCardinalityMin": null,
        "pimCardinalityMax": null
      },
      "http://www.w3.org/ns/dx/prof/hasArtifact": {
        "types": [
          "https://ofn.gov.cz/slovník/pim/Association"
        ],
        "iri": "http://www.w3.org/ns/dx/prof/hasArtifact",
        "pimInterpretation": "http://www.w3.org/ns/dx/prof/hasArtifact",
        "pimTechnicalLabel": null,
        "pimHumanLabel": {
          "en": "has artifact"
        },
        "pimHumanDescription": {},
        "pimEnd": [
          "http://www.w3.org/ns/dx/prof/hasArtifact#domain",
          "http://www.w3.org/ns/dx/prof/hasArtifact#range"
        ],
        "pimIsOriented": true,
        "pimExtends": []
      },
      "http://www.w3.org/ns/dx/prof/hasArtifact#range": {
        "types": [
          "https://ofn.gov.cz/slovník/pim/AssociationEnd"
        ],
        "iri": "http://www.w3.org/ns/dx/prof/hasArtifact#range",
        "pimInterpretation": null,
        "pimTechnicalLabel": null,
        "pimHumanLabel": null,
        "pimHumanDescription": null,
        "pimPart": "http://www.w3.org/2002/07/owl#Thing",
        "pimCardinalityMin": null,
        "pimCardinalityMax": null
      },
      "http://www.w3.org/ns/dx/prof/isInheritedFrom#domain": {
        "types": [
          "https://ofn.gov.cz/slovník/pim/AssociationEnd"
        ],
        "iri": "http://www.w3.org/ns/dx/prof/isInheritedFrom#domain",
        "pimInterpretation": null,
        "pimTechnicalLabel": null,
        "pimHumanLabel": null,
        "pimHumanDescription": null,
        "pimPart": "http://www.w3.org/ns/dx/prof/ResourceDescriptor",
        "pimCardinalityMin": null,
        "pimCardinalityMax": null
      },
      "http://www.w3.org/ns/dx/prof/isInheritedFrom": {
        "types": [
          "https://ofn.gov.cz/slovník/pim/Association"
        ],
        "iri": "http://www.w3.org/ns/dx/prof/isInheritedFrom",
        "pimInterpretation": "http://www.w3.org/ns/dx/prof/isInheritedFrom",
        "pimTechnicalLabel": null,
        "pimHumanLabel": {
          "en": "is inherited from"
        },
        "pimHumanDescription": {},
        "pimEnd": [
          "http://www.w3.org/ns/dx/prof/isInheritedFrom#domain",
          "http://www.w3.org/ns/dx/prof/isInheritedFrom#range"
        ],
        "pimIsOriented": true,
        "pimExtends": []
      },
      "http://www.w3.org/ns/dx/prof/isInheritedFrom#range": {
        "types": [
          "https://ofn.gov.cz/slovník/pim/AssociationEnd"
        ],
        "iri": "http://www.w3.org/ns/dx/prof/isInheritedFrom#range",
        "pimInterpretation": null,
        "pimTechnicalLabel": null,
        "pimHumanLabel": null,
        "pimHumanDescription": null,
        "pimPart": "http://www.w3.org/ns/dx/prof/Profile",
        "pimCardinalityMin": null,
        "pimCardinalityMax": null
      },
      "http://www.w3.org/ns/dx/prof/isProfileOf#domain": {
        "types": [
          "https://ofn.gov.cz/slovník/pim/AssociationEnd"
        ],
        "iri": "http://www.w3.org/ns/dx/prof/isProfileOf#domain",
        "pimInterpretation": null,
        "pimTechnicalLabel": null,
        "pimHumanLabel": null,
        "pimHumanDescription": null,
        "pimPart": "http://www.w3.org/ns/dx/prof/Profile",
        "pimCardinalityMin": null,
        "pimCardinalityMax": null
      },
      "http://www.w3.org/ns/dx/prof/isProfileOf": {
        "types": [
          "https://ofn.gov.cz/slovník/pim/Association"
        ],
        "iri": "http://www.w3.org/ns/dx/prof/isProfileOf",
        "pimInterpretation": "http://www.w3.org/ns/dx/prof/isProfileOf",
        "pimTechnicalLabel": null,
        "pimHumanLabel": {
          "en": "is profile of"
        },
        "pimHumanDescription": {},
        "pimEnd": [
          "http://www.w3.org/ns/dx/prof/isProfileOf#domain",
          "http://www.w3.org/ns/dx/prof/isProfileOf#range"
        ],
        "pimIsOriented": true,
        "pimExtends": [
          "http://www.w3.org/ns/dx/prof/isTransitiveProfileOf"
        ]
      },
      "http://www.w3.org/ns/dx/prof/isProfileOf#range": {
        "types": [
          "https://ofn.gov.cz/slovník/pim/AssociationEnd"
        ],
        "iri": "http://www.w3.org/ns/dx/prof/isProfileOf#range",
        "pimInterpretation": null,
        "pimTechnicalLabel": null,
        "pimHumanLabel": null,
        "pimHumanDescription": null,
        "pimPart": "http://purl.org/dc/terms/Standard",
        "pimCardinalityMin": null,
        "pimCardinalityMax": null
      },
      "http://www.w3.org/ns/dx/prof/isTransitiveProfileOf#domain": {
        "types": [
          "https://ofn.gov.cz/slovník/pim/AssociationEnd"
        ],
        "iri": "http://www.w3.org/ns/dx/prof/isTransitiveProfileOf#domain",
        "pimInterpretation": null,
        "pimTechnicalLabel": null,
        "pimHumanLabel": null,
        "pimHumanDescription": null,
        "pimPart": "http://www.w3.org/ns/dx/prof/Profile",
        "pimCardinalityMin": null,
        "pimCardinalityMax": null
      },
      "http://www.w3.org/ns/dx/prof/isTransitiveProfileOf": {
        "types": [
          "https://ofn.gov.cz/slovník/pim/Association"
        ],
        "iri": "http://www.w3.org/ns/dx/prof/isTransitiveProfileOf",
        "pimInterpretation": "http://www.w3.org/ns/dx/prof/isTransitiveProfileOf",
        "pimTechnicalLabel": null,
        "pimHumanLabel": {
          "en": "is transitive profile of"
        },
        "pimHumanDescription": {},
        "pimEnd": [
          "http://www.w3.org/ns/dx/prof/isTransitiveProfileOf#domain",
          "http://www.w3.org/ns/dx/prof/isTransitiveProfileOf#range"
        ],
        "pimIsOriented": true,
        "pimExtends": []
      },
      "http://www.w3.org/ns/dx/prof/isTransitiveProfileOf#range": {
        "types": [
          "https://ofn.gov.cz/slovník/pim/AssociationEnd"
        ],
        "iri": "http://www.w3.org/ns/dx/prof/isTransitiveProfileOf#range",
        "pimInterpretation": null,
        "pimTechnicalLabel": null,
        "pimHumanLabel": null,
        "pimHumanDescription": null,
        "pimPart": "http://purl.org/dc/terms/Standard",
        "pimCardinalityMin": null,
        "pimCardinalityMax": null
      },
      "http://www.w3.org/ns/dx/prof/hasResource#domain": {
        "types": [
          "https://ofn.gov.cz/slovník/pim/AssociationEnd"
        ],
        "iri": "http://www.w3.org/ns/dx/prof/hasResource#domain",
        "pimInterpretation": null,
        "pimTechnicalLabel": null,
        "pimHumanLabel": null,
        "pimHumanDescription": null,
        "pimPart": "http://www.w3.org/2002/07/owl#Thing",
        "pimCardinalityMin": null,
        "pimCardinalityMax": null
      },
      "http://www.w3.org/ns/dx/prof/hasResource": {
        "types": [
          "https://ofn.gov.cz/slovník/pim/Association"
        ],
        "iri": "http://www.w3.org/ns/dx/prof/hasResource",
        "pimInterpretation": "http://www.w3.org/ns/dx/prof/hasResource",
        "pimTechnicalLabel": null,
        "pimHumanLabel": {
          "en": "has resource"
        },
        "pimHumanDescription": {},
        "pimEnd": [
          "http://www.w3.org/ns/dx/prof/hasResource#domain",
          "http://www.w3.org/ns/dx/prof/hasResource#range"
        ],
        "pimIsOriented": true,
        "pimExtends": []
      },
      "http://www.w3.org/ns/dx/prof/hasResource#range": {
        "types": [
          "https://ofn.gov.cz/slovník/pim/AssociationEnd"
        ],
        "iri": "http://www.w3.org/ns/dx/prof/hasResource#range",
        "pimInterpretation": null,
        "pimTechnicalLabel": null,
        "pimHumanLabel": null,
        "pimHumanDescription": null,
        "pimPart": "http://www.w3.org/ns/dx/prof/ResourceDescriptor",
        "pimCardinalityMin": null,
        "pimCardinalityMax": null
      },
      "http://www.w3.org/ns/dx/prof/hasRole#domain": {
        "types": [
          "https://ofn.gov.cz/slovník/pim/AssociationEnd"
        ],
        "iri": "http://www.w3.org/ns/dx/prof/hasRole#domain",
        "pimInterpretation": null,
        "pimTechnicalLabel": null,
        "pimHumanLabel": null,
        "pimHumanDescription": null,
        "pimPart": "http://www.w3.org/ns/dx/prof/ResourceDescriptor",
        "pimCardinalityMin": null,
        "pimCardinalityMax": null
      },
      "http://www.w3.org/ns/dx/prof/hasRole": {
        "types": [
          "https://ofn.gov.cz/slovník/pim/Association"
        ],
        "iri": "http://www.w3.org/ns/dx/prof/hasRole",
        "pimInterpretation": "http://www.w3.org/ns/dx/prof/hasRole",
        "pimTechnicalLabel": null,
        "pimHumanLabel": {
          "en": "has role"
        },
        "pimHumanDescription": {},
        "pimEnd": [
          "http://www.w3.org/ns/dx/prof/hasRole#domain",
          "http://www.w3.org/ns/dx/prof/hasRole#range"
        ],
        "pimIsOriented": true,
        "pimExtends": []
      },
      "http://www.w3.org/ns/dx/prof/hasRole#range": {
        "types": [
          "https://ofn.gov.cz/slovník/pim/AssociationEnd"
        ],
        "iri": "http://www.w3.org/ns/dx/prof/hasRole#range",
        "pimInterpretation": null,
        "pimTechnicalLabel": null,
        "pimHumanLabel": null,
        "pimHumanDescription": null,
        "pimPart": "http://www.w3.org/2004/02/skos/core#Concept",
        "pimCardinalityMin": null,
        "pimCardinalityMax": null
      },
      "http://www.w3.org/ns/dx/prof/ResourceDescriptor": {
        "types": [
          "https://ofn.gov.cz/slovník/pim/Class"
        ],
        "iri": "http://www.w3.org/ns/dx/prof/ResourceDescriptor",
        "pimInterpretation": "http://www.w3.org/ns/dx/prof/ResourceDescriptor",
        "pimTechnicalLabel": null,
        "pimHumanLabel": {
          "en": "Resource Descriptor"
        },
        "pimHumanDescription": {},
        "pimExtends": [
          "http://www.w3.org/2002/07/owl#Thing"
        ],
        "pimIsCodelist": false,
        "pimCodelistUrl": [],
        "pimRegex": null,
        "pimExample": null,
        "pimObjectExample": null
      },
      "http://www.w3.org/ns/dx/prof/ResourceRole": {
        "types": [
          "https://ofn.gov.cz/slovník/pim/Class"
        ],
        "iri": "http://www.w3.org/ns/dx/prof/ResourceRole",
        "pimInterpretation": "http://www.w3.org/ns/dx/prof/ResourceRole",
        "pimTechnicalLabel": null,
        "pimHumanLabel": {
          "en": "Resource Role"
        },
        "pimHumanDescription": {},
        "pimExtends": [
          "http://www.w3.org/2004/02/skos/core#Concept",
          "http://www.w3.org/2002/07/owl#Thing"
        ],
        "pimIsCodelist": false,
        "pimCodelistUrl": [],
        "pimRegex": null,
        "pimExample": null,
        "pimObjectExample": null
      },
      "http://www.w3.org/ns/dx/prof/Profile": {
        "types": [
          "https://ofn.gov.cz/slovník/pim/Class"
        ],
        "iri": "http://www.w3.org/ns/dx/prof/Profile",
        "pimInterpretation": "http://www.w3.org/ns/dx/prof/Profile",
        "pimTechnicalLabel": null,
        "pimHumanLabel": {
          "en": "Profile"
        },
        "pimHumanDescription": {},
        "pimExtends": [
          "http://purl.org/dc/terms/Standard",
          "http://www.w3.org/2002/07/owl#Thing"
        ],
        "pimIsCodelist": false,
        "pimCodelistUrl": [],
        "pimRegex": null,
        "pimExample": null,
        "pimObjectExample": null
      },
      "http://www.w3.org/2002/07/owl#Thing": {
        "types": [
          "https://ofn.gov.cz/slovník/pim/Class"
        ],
        "iri": "http://www.w3.org/2002/07/owl#Thing",
        "pimInterpretation": "http://www.w3.org/2002/07/owl#Thing",
        "pimTechnicalLabel": null,
        "pimHumanLabel": {
          "en": "owl:Thing"
        },
        "pimHumanDescription": null,
        "pimExtends": [
          "http://www.w3.org/2002/07/owl#Thing"
        ],
        "pimIsCodelist": false,
        "pimCodelistUrl": [],
        "pimRegex": null,
        "pimExample": null,
        "pimObjectExample": null
      }
    }
  },
  "urls": [
    "https://www.w3.org/TR/dx-prof/rdf/prof.ttl"
  ]
}