{
  "iri": "b32f4b80-78cc-4bc8-82a7-bbfeb2495360/5c9677d0-611c-49bd-8aa6-8d7f0912880c/f15d2829-bd2b-429b-9285-d6812ec5091f",
  "types": [
    "https://dataspecer.com/core/model-descriptor/pim-store-wrapper"
  ],
  "userMetadata": {
    "documentBaseUrl": "https://www.w3.org/2002/07/owl",
    "label": {
      "en": "owl"
    }
  },
  "metadata": {
    "creationDate": "2025-04-30T12:24:49.566Z",
    "modificationDate": "2025-04-30T13:28:37.972Z"
  },
  "_version": 1,
  "_exportVersion": 1,
  "_exportedAt": "2025-04-30T13:28:55.408Z",
  "_exportedBy": "http://localhost:3100"
}