{
  "iri": "b32f4b80-78cc-4bc8-82a7-bbfeb2495360/5c9677d0-611c-49bd-8aa6-8d7f0912880c/vocabulary",
  "types": [
    "http://dataspecer.com/resources/local/semantic-model"
  ],
  "userMetadata": {
    "label": {
      "en": "Data Specification Vocabulary (DSV)"
    },
    "documentBaseUrl": "https://mff-uk.github.io/data-specification-vocabulary/dsv/"
  },
  "metadata": {
    "creationDate": "2025-04-30T12:24:50.278Z",
    "modificationDate": "2025-04-30T13:28:38.096Z"
  },
  "_version": 1,
  "_exportVersion": 1,
  "_exportedAt": "2025-04-30T13:28:55.411Z",
  "_exportedBy": "http://localhost:3100"
}