{
  "iri": "b32f4b80-78cc-4bc8-82a7-bbfeb2495360/0a80d3be-7482-4ed0-b973-159f9e58553e/57296d4f-664b-460b-ad09-406a027ec711",
  "types": [
    "https://dataspecer.com/core/model-descriptor/pim-store-wrapper"
  ],
  "userMetadata": {
    "documentBaseUrl": "https://datagov-cz.github.io/cache-slovniku/dublin_core_terms.ttl",
    "label": {
      "en": "dublin_core_terms"
    }
  },
  "metadata": {
    "creationDate": "2025-04-14T08:51:20.085Z",
    "modificationDate": "2025-04-14T08:52:29.995Z"
  },
  "_version": 1,
  "_exportVersion": 1,
  "_exportedAt": "2025-04-14T08:52:40.983Z",
  "_exportedBy": "http://localhost:3100"
}