{
  "iri": "b32f4b80-78cc-4bc8-82a7-bbfeb2495360/0a80d3be-7482-4ed0-b973-159f9e58553e/9650514e-e29f-4809-8794-faff86d3f8e1",
  "types": [
    "https://dataspecer.com/core/model-descriptor/pim-store-wrapper"
  ],
  "userMetadata": {
    "documentBaseUrl": "https://www.w3.org/2002/07/owl",
    "label": {
      "en": "owl"
    }
  },
  "metadata": {
    "creationDate": "2025-04-14T08:51:20.994Z",
    "modificationDate": "2025-04-14T08:52:30.279Z"
  },
  "_version": 1,
  "_exportVersion": 1,
  "_exportedAt": "2025-04-14T08:52:41.014Z",
  "_exportedBy": "http://localhost:3100"
}