{
  "iri": "b32f4b80-78cc-4bc8-82a7-bbfeb2495360/0a80d3be-7482-4ed0-b973-159f9e58553e/b523526a-51c6-44c4-8e18-334235cb0308",
  "types": [
    "https://dataspecer.com/core/model-descriptor/pim-store-wrapper"
  ],
  "userMetadata": {
    "documentBaseUrl": "https://www.w3.org/TR/dx-prof/rdf/prof.ttl",
    "label": {
      "en": "prof"
    }
  },
  "metadata": {
    "creationDate": "2025-04-14T08:51:21.312Z",
    "modificationDate": "2025-04-14T08:52:30.355Z"
  },
  "_version": 1,
  "_exportVersion": 1,
  "_exportedAt": "2025-04-14T08:52:41.017Z",
  "_exportedBy": "http://localhost:3100"
}