{
  "iri": "b32f4b80-78cc-4bc8-82a7-bbfeb2495360/0a80d3be-7482-4ed0-b973-159f9e58553e/c6f8ef75-6c4d-4474-8f93-4831b51fd9e5",
  "types": [
    "https://dataspecer.com/core/model-descriptor/pim-store-wrapper"
  ],
  "userMetadata": {
    "documentBaseUrl": "https://datagov-cz.github.io/cache-slovniku/rdf.ttl",
    "label": {
      "en": "rdf"
    }
  },
  "metadata": {
    "creationDate": "2025-04-14T08:51:20.336Z",
    "modificationDate": "2025-04-14T08:52:30.068Z"
  },
  "_version": 1,
  "_exportVersion": 1,
  "_exportedAt": "2025-04-14T08:52:40.985Z",
  "_exportedBy": "http://localhost:3100"
}