{
  "iri": "b32f4b80-78cc-4bc8-82a7-bbfeb2495360/0a80d3be-7482-4ed0-b973-159f9e58553e/e5906dd3-29c1-4bae-85d3-065a7cb20fa3",
  "types": [
    "https://dataspecer.com/core/model-descriptor/pim-store-wrapper"
  ],
  "userMetadata": {
    "documentBaseUrl": "https://datagov-cz.github.io/cache-slovniku/skos.rdf",
    "label": {
      "en": "skos"
    }
  },
  "metadata": {
    "creationDate": "2025-04-14T08:51:20.712Z",
    "modificationDate": "2025-04-14T08:52:30.213Z"
  },
  "_version": 1,
  "_exportVersion": 1,
  "_exportedAt": "2025-04-14T08:52:40.999Z",
  "_exportedBy": "http://localhost:3100"
}