{
  "iri": "b32f4b80-78cc-4bc8-82a7-bbfeb2495360/7e296e89-b4ac-4b56-b953-dc865e0a7ab2/27644e98-bbf3-4038-855c-1ddc50e68309",
  "types": [
    "https://dataspecer.com/core/model-descriptor/pim-store-wrapper"
  ],
  "userMetadata": {
    "documentBaseUrl": "https://datagov-cz.github.io/cache-slovniku/skos.rdf",
    "label": {
      "en": "skos"
    }
  },
  "metadata": {
    "creationDate": "2025-04-10T12:52:15.353Z",
    "modificationDate": "2025-04-10T12:54:26.069Z"
  },
  "_version": 1,
  "_exportVersion": 1,
  "_exportedAt": "2025-04-10T12:54:37.886Z",
  "_exportedBy": "http://localhost:3100"
}