{
  "iri": "b32f4b80-78cc-4bc8-82a7-bbfeb2495360/7e296e89-b4ac-4b56-b953-dc865e0a7ab2/551e357e-0abe-4b1c-aa50-ba8dd8313795",
  "types": [
    "https://dataspecer.com/core/model-descriptor/pim-store-wrapper"
  ],
  "userMetadata": {
    "documentBaseUrl": "https://www.w3.org/2002/07/owl",
    "label": {
      "en": "owl"
    }
  },
  "metadata": {
    "creationDate": "2025-04-10T12:52:15.629Z",
    "modificationDate": "2025-04-10T12:54:26.144Z"
  },
  "_version": 1,
  "_exportVersion": 1,
  "_exportedAt": "2025-04-10T12:54:37.887Z",
  "_exportedBy": "http://localhost:3100"
}