{
  "iri": "b32f4b80-78cc-4bc8-82a7-bbfeb2495360/7e296e89-b4ac-4b56-b953-dc865e0a7ab2/831da34c-14c4-4220-bf30-4a0d3ac6d762",
  "types": [
    "https://dataspecer.com/core/model-descriptor/pim-store-wrapper"
  ],
  "userMetadata": {
    "documentBaseUrl": "https://datagov-cz.github.io/cache-slovniku/dublin_core_terms.ttl",
    "label": {
      "en": "dublin_core_terms"
    }
  },
  "metadata": {
    "creationDate": "2025-04-10T12:52:14.832Z",
    "modificationDate": "2025-04-10T12:54:25.905Z"
  },
  "_version": 1,
  "_exportVersion": 1,
  "_exportedAt": "2025-04-10T12:54:37.881Z",
  "_exportedBy": "http://localhost:3100"
}