{
  "iri": "b32f4b80-78cc-4bc8-82a7-bbfeb2495360/7e296e89-b4ac-4b56-b953-dc865e0a7ab2/vocabulary",
  "types": [
    "http://dataspecer.com/resources/local/semantic-model"
  ],
  "userMetadata": {
    "label": {
      "en": "Data Specification Vocabulary (DSV)"
    },
    "documentBaseUrl": "https://mff-uk.github.io/data-specification-vocabulary/dsv/"
  },
  "metadata": {
    "creationDate": "2025-04-10T12:52:16.258Z",
    "modificationDate": "2025-04-10T12:54:26.267Z"
  },
  "_version": 1,
  "_exportVersion": 1,
  "_exportedAt": "2025-04-10T12:54:37.892Z",
  "_exportedBy": "http://localhost:3100"
}