{
  "iri": "b32f4b80-78cc-4bc8-82a7-bbfeb2495360/2ed6fae1-e152-47a9-8259-0b4ebfc35173/14b6e8e4-9399-4b7a-b932-513bc9f68f45",
  "types": [
    "https://dataspecer.com/core/model-descriptor/pim-store-wrapper"
  ],
  "userMetadata": {
    "documentBaseUrl": "https://www.w3.org/TR/dx-prof/rdf/prof.ttl",
    "label": {
      "en": "prof"
    }
  },
  "metadata": {
    "creationDate": "2025-04-14T11:26:24.761Z",
    "modificationDate": "2025-04-14T11:30:37.613Z"
  },
  "_version": 1,
  "_exportVersion": 1,
  "_exportedAt": "2025-04-14T11:30:50.889Z",
  "_exportedBy": "http://localhost:3100"
}