{
  "iri": "b32f4b80-78cc-4bc8-82a7-bbfeb2495360/2ed6fae1-e152-47a9-8259-0b4ebfc35173/5044a4d2-87ca-4688-a2ca-084d54863870",
  "types": [
    "https://dataspecer.com/core/model-descriptor/pim-store-wrapper"
  ],
  "userMetadata": {
    "documentBaseUrl": "https://www.w3.org/2002/07/owl",
    "label": {
      "en": "owl"
    }
  },
  "metadata": {
    "creationDate": "2025-04-14T11:26:24.416Z",
    "modificationDate": "2025-04-30T06:16:02.652Z"
  },
  "_version": 1,
  "_exportVersion": 1,
  "_exportedAt": "2025-04-30T06:17:17.818Z",
  "_exportedBy": "http://localhost:3100"
}