{
  "iri": "b32f4b80-78cc-4bc8-82a7-bbfeb2495360/2ed6fae1-e152-47a9-8259-0b4ebfc35173/6316f226-7f04-4ef6-8f8d-53a29202de91",
  "types": [
    "https://dataspecer.com/core/model-descriptor/pim-store-wrapper"
  ],
  "userMetadata": {
    "documentBaseUrl": "https://datagov-cz.github.io/cache-slovniku/rdf.ttl",
    "label": {
      "en": "rdf"
    }
  },
  "metadata": {
    "creationDate": "2025-04-14T11:26:23.800Z",
    "modificationDate": "2025-04-30T09:43:08.570Z"
  },
  "_version": 1,
  "_exportVersion": 1,
  "_exportedAt": "2025-04-30T09:43:31.364Z",
  "_exportedBy": "http://localhost:3100"
}