{
  "iri": "b32f4b80-78cc-4bc8-82a7-bbfeb2495360/2ed6fae1-e152-47a9-8259-0b4ebfc35173/a499a6cb-70f6-4fb5-a97a-7e9b37c504e0",
  "types": [
    "https://dataspecer.com/core/model-descriptor/pim-store-wrapper"
  ],
  "userMetadata": {
    "documentBaseUrl": "https://datagov-cz.github.io/cache-slovniku/dublin_core_terms.ttl",
    "label": {
      "en": "dublin_core_terms"
    }
  },
  "metadata": {
    "creationDate": "2025-04-14T11:26:23.556Z",
    "modificationDate": "2025-04-30T09:43:08.508Z"
  },
  "_version": 1,
  "_exportVersion": 1,
  "_exportedAt": "2025-04-30T09:43:31.362Z",
  "_exportedBy": "http://localhost:3100"
}