{
  "iri": "b32f4b80-78cc-4bc8-82a7-bbfeb2495360/ab4f265a-59cc-43f7-9af2-b9a58161370d",
  "types": [
    "http://dataspecer.com/resources/local/package"
  ],
  "userMetadata": {
    "label": {
      "en": "Data Specification Vocabulary (DSV)"
    },
    "description": {},
    "importedFromUrl": "https://mff-uk.github.io/data-specification-vocabulary/dsv/",
    "documentBaseUrl": "https://mff-uk.github.io/data-specification-vocabulary/dsv/"
  },
  "metadata": {
    "creationDate": "2025-05-12T08:00:37.773Z",
    "modificationDate": "2025-05-12T08:04:06.235Z"
  },
  "_version": 1,
  "_exportVersion": 1,
  "_exportedAt": "2025-05-12T08:04:29.814Z",
  "_exportedBy": "http://localhost:3100"
}