{
  "iri": "b32f4b80-78cc-4bc8-82a7-bbfeb2495360/ab4f265a-59cc-43f7-9af2-b9a58161370d/4f8db705-69c4-4487-b461-e93aafafa7fa",
  "types": [
    "https://dataspecer.com/core/model-descriptor/pim-store-wrapper"
  ],
  "userMetadata": {
    "documentBaseUrl": "https://datagov-cz.github.io/cache-slovniku/skos.rdf",
    "label": {
      "en": "skos"
    }
  },
  "metadata": {
    "creationDate": "2025-05-12T08:00:39.820Z",
    "modificationDate": "2025-05-12T08:04:06.163Z"
  },
  "_version": 1,
  "_exportVersion": 1,
  "_exportedAt": "2025-05-12T08:04:29.812Z",
  "_exportedBy": "http://localhost:3100"
}