{
  "iri": "b32f4b80-78cc-4bc8-82a7-bbfeb2495360/ab4f265a-59cc-43f7-9af2-b9a58161370d/aca8c226-d332-471d-85c1-6b04c18d1b2f",
  "types": [
    "https://dataspecer.com/core/model-descriptor/pim-store-wrapper"
  ],
  "userMetadata": {
    "documentBaseUrl": "https://datagov-cz.github.io/cache-slovniku/dublin_core_terms.ttl",
    "label": {
      "en": "dublin_core_terms"
    }
  },
  "metadata": {
    "creationDate": "2025-05-12T08:00:39.632Z",
    "modificationDate": "2025-05-12T08:04:06.089Z"
  },
  "_version": 1,
  "_exportVersion": 1,
  "_exportedAt": "2025-05-12T08:04:29.807Z",
  "_exportedBy": "http://localhost:3100"
}