{
  "iri": "b32f4b80-78cc-4bc8-82a7-bbfeb2495360/ab4f265a-59cc-43f7-9af2-b9a58161370d/b9d03720-b041-47d2-9d85-25f6c8f8ba9a",
  "types": [
    "https://dataspecer.com/core/model-descriptor/pim-store-wrapper"
  ],
  "userMetadata": {
    "documentBaseUrl": "https://www.w3.org/2002/07/owl",
    "label": {
      "en": "owl"
    }
  },
  "metadata": {
    "creationDate": "2025-05-12T08:00:39.269Z",
    "modificationDate": "2025-05-12T08:04:06.021Z"
  },
  "_version": 1,
  "_exportVersion": 1,
  "_exportedAt": "2025-05-12T08:04:29.805Z",
  "_exportedBy": "http://localhost:3100"
}