{
  "iri": "b32f4b80-78cc-4bc8-82a7-bbfeb2495360/ab4f265a-59cc-43f7-9af2-b9a58161370d/d99d6e18-aac3-432a-b106-210a3f70a167",
  "types": [
    "https://dataspecer.com/core/model-descriptor/pim-store-wrapper"
  ],
  "userMetadata": {
    "documentBaseUrl": "https://www.w3.org/TR/dx-prof/rdf/prof.ttl",
    "label": {
      "en": "prof"
    }
  },
  "metadata": {
    "creationDate": "2025-05-12T08:00:38.224Z",
    "modificationDate": "2025-05-12T08:04:05.837Z"
  },
  "_version": 1,
  "_exportVersion": 1,
  "_exportedAt": "2025-05-12T08:04:29.802Z",
  "_exportedBy": "http://localhost:3100"
}